user_id,created_at,country,plan_type,user_age,post_id,post_category,post_created_at,votes_received,user_total_posts,days_since_signup,device_type,quarantine_reason
U01988,2025-02-18T02:07:44,PY,pro,26.0,P0008515,sport,2025-05-07T20:55:28,7,16,78,mobile,incorrect value of post_category; 
U01754,2025-01-17T07:05:21,US,free,39.0,P0007502,sports,2024-12-18T16:05:21,3,6,0,web,time between login and post does not make sense; 
U00087,2024-01-08T12:18:18,ES,free,23.0,P0000347,sciense,2024-03-12T08:48:31,3,39,64,web,incorrect value of post_category; 
U01512,2024-05-09T10:17:35,BR,free,17.0,P0006474,finanse,2024-05-31T18:32:45,11,9,22,desktop,incorrect value of post_category; 
U00371,2024-07-14T02:43:36,AR,free,,P0001624,gamming,2024-07-15T21:11:18,1,2,1,web,incorrect value of post_category; 
U01415,2024-12-24T07:16:48,UY,pro,30.0,P0006033,trvael,2024-12-28T17:42:17,2,10,4,mobile,incorrect value of post_category; 
U01754,2025-01-17T07:05:21,US,free,39.0,P0007503,lfe,2025-01-26T13:53:23,6,6,9,web,incorrect value of post_category; 
U00813,2024-08-15T23:29:10,BR,free,18.0,P0003499,tehc,2024-09-04T13:51:13,12,11,20,mobile,incorrect value of post_category; 
U00707,2024-10-07T17:32:12,MX,pro,27.0,P0003002,gaming,2024-09-27T12:32:12,13,11,0,mobile,time between login and post does not make sense; 
U00503,2025-01-13T13:27:33,US,free,16.0,P0002095,health,2024-12-14T01:27:33,7,9,0,web,time between login and post does not make sense; 
U01763,2024-12-02T12:42:25,BR,free,39.0,P0007543,music,2024-11-08T11:42:25,5,13,0,web,time between login and post does not make sense; 
U00821,2024-04-30T04:21:22,MX,free,19.0,P0003568,tehc,2024-07-15T23:01:17,5,21,76,mobile,incorrect value of post_category; 
U01940,2024-07-06T03:12:23,AR,pro,28.0,P0008314,tehc,2024-07-26T07:29:49,2,17,20,mobile,incorrect value of post_category; 
U00574,2024-05-09T11:19:13,CL,free,17.0,P0002421,tehc,2024-06-24T00:02:23,4,7,46,web,incorrect value of post_category; 
U01445,2025-09-18T20:51:10,ES,free,16.0,P0006170,finanse,2025-10-19T07:46:36,6,8,31,mobile,incorrect value of post_category; 
U01122,2024-04-28T09:03:25,US,pro,22.0,P0004783,education,2024-03-29T16:03:25,11,6,0,mobile,time between login and post does not make sense; 
U00530,2024-07-13T01:31:07,US,free,25.0,P0002209,finance,2024-07-03T07:31:07,11,6,0,web,time between login and post does not make sense; 
U00573,2025-10-11T17:41:54,MX,free,33.0,P0002413,trvael,2025-10-27T07:50:34,7,6,16,desktop,incorrect value of post_category; 
U01335,2024-12-22T17:16:51,AR,free,25.0,P0005683,musc,2024-12-27T13:59:53,2,8,5,desktop,incorrect value of post_category; 
U01435,2025-08-29T03:19:13,US,free,36.0,P0006144,music,2025-08-15T02:19:13,0,10,0,web,time between login and post does not make sense; 
U01785,2024-04-30T02:20:44,MX,free,26.0,P0007643,sports,2024-03-30T23:20:44,10,3,0,mobile,time between login and post does not make sense; 
U01292,2025-01-08T08:11:29,MX,free,30.0,P0005519,lfe,2025-01-26T12:35:39,10,4,18,web,incorrect value of post_category; 
U00251,2025-10-18T20:24:05,MX,free,36.0,P0001085,tehc,2025-10-21T20:45:59,5,10,3,web,incorrect value of post_category; 
U01880,2024-11-05T20:01:07,MX,free,29.0,P0008085,educatoin,2025-02-18T06:03:00,2,15,105,mobile,incorrect value of post_category; 
U00778,2025-06-20T03:24:23,US,free,28.0,P0003338,music,2025-05-22T10:24:23,9,6,0,web,time between login and post does not make sense; 
U01921,2024-12-24T15:25:10,AR,free,24.0,P0008241,sporst,2024-12-29T03:00:55,3,4,5,web,incorrect value of post_category; 
U00856,2024-12-16T12:52:44,BR,free,23.0,P0003699,travel,2024-11-24T02:52:44,9,6,0,mobile,time between login and post does not make sense; 
U00118,2025-02-23T21:05:15,AR,free,42.0,P0000510,tehc,2025-02-26T20:03:30,3,7,3,web,incorrect value of post_category; 
U01529,2025-04-23T11:42:23,BR,free,36.0,P0006551,gamming,2025-05-08T06:34:54,2,3,15,web,incorrect value of post_category; 
U01547,2024-01-20T20:23:28,US,pro,35.0,P0006619,educatoin,2024-04-21T16:18:51,12,7,95,mobile,incorrect value of post_category; 
U00851,2024-06-20T14:27:18,BR,free,18.0,P0003681,tehc,2024-06-26T09:41:17,0,5,6,mobile,incorrect value of post_category; 
U00156,2024-12-08T22:29:25,MX,free,21.0,P0000683,music,2024-11-11T07:29:25,7,3,0,mobile,time between login and post does not make sense; 
U01150,2024-02-15T14:15:27,MX,free,37.0,P0004895,musc,2024-03-10T00:35:35,10,4,24,web,incorrect value of post_category; 
U00085,2024-09-23T05:00:11,UY,free,32.0,P0000331,sciense,2024-11-18T09:50:30,7,4,56,mobile,incorrect value of post_category; 
U01633,2024-02-18T16:01:11,AR,free,24.0,P0007029,sport,2024-02-21T02:02:33,8,6,3,web,incorrect value of post_category; 
U00215,2024-01-31T09:15:15,BR,free,33.0,P0000941,tech,2024-02-14T15:55:59,13,11,14,web,the row is duplicated in data set; 
U01248,2025-12-25T01:03:01,BR,enterprise,18.0,P0005361,educatoin,2025-12-27T08:49:08,12,5,2,web,incorrect value of post_category; 
U00314,2025-11-23T11:00:37,CL,free,25.0,P0001394,sports,2025-11-21T09:00:37,7,3,0,mobile,time between login and post does not make sense; 
U00823,2025-04-28T00:56:41,AR,free,35.0,P0003581,gamming,2025-05-10T00:49:20,5,7,12,mobile,incorrect value of post_category; 
U01091,2024-03-12T19:54:14,US,free,31.0,P0004661,sport,2024-04-05T19:54:59,6,6,24,mobile,incorrect value of post_category; 
U01280,2025-10-12T03:43:49,PY,free,16.0,P0005481,healt,2025-11-26T04:42:19,4,10,45,web,incorrect value of post_category; 
U00262,2025-07-14T05:20:06,PY,pro,36.0,P0001157,music,2025-09-05T15:00:09,6,19,53,desktop,the row is duplicated in data set; 
U01936,2024-02-01T20:08:44,US,free,42.0,P0008298,gaming,2024-01-29T03:08:44,4,15,0,mobile,time between login and post does not make sense; 
U00137,2024-03-12T19:58:23,BR,free,32.0,P0000587,tech,2024-03-03T10:58:23,4,22,0,web,time between login and post does not make sense; 
U00603,2024-08-01T06:48:31,US,free,22.0,P0002522,lfe,2024-08-25T02:30:03,17,4,24,mobile,incorrect value of post_category; 
U01856,2024-10-04T00:30:45,PY,free,27.0,P0007969,sporst,2024-10-06T04:46:16,11,10,2,desktop,incorrect value of post_category; 
U01410,2025-01-19T18:37:31,US,free,16.0,P0006006,educatoin,2025-01-27T01:08:12,6,5,8,mobile,incorrect value of post_category; 
U01804,2024-10-05T22:11:52,US,pro,38.0,P0007752,finanse,2024-11-03T14:52:49,19,4,29,mobile,incorrect value of post_category; 
U00259,2025-02-11T02:16:25,CO,free,,P0001128,educatoin,2025-02-18T08:21:07,8,3,7,web,incorrect value of post_category; 
U00726,2025-03-03T00:15:46,PY,free,19.0,P0003093,sport,2025-03-25T08:08:44,4,2,22,mobile,incorrect value of post_category; 
U01818,2025-01-08T04:53:40,BR,free,33.0,P0007811,science,2025-01-09T12:39:03,4,6,1,mobile,the row is duplicated in data set; 
U00298,2025-07-09T19:54:32,PY,free,38.0,P0001321,sciense,2025-07-24T14:35:57,3,13,15,mobile,incorrect value of post_category; 
U00120,2025-06-16T10:48:28,ES,free,25.0,P0000519,trvael,2025-07-05T22:24:22,3,4,19,mobile,incorrect value of post_category; 
U01335,2024-12-22T17:16:51,AR,free,25.0,P0005685,sciense,2025-01-01T00:11:22,9,8,10,mobile,incorrect value of post_category; 
U01057,2025-03-18T22:40:34,US,free,23.0,P0004562,tehc,2025-03-23T05:59:48,4,3,5,mobile,incorrect value of post_category; 
U01825,2024-09-09T09:25:48,US,free,25.0,P0007836,lfe,2024-09-17T00:18:27,4,6,8,web,incorrect value of post_category; 
U01411,2024-02-14T07:07:29,AR,free,39.0,P0006015,finanse,2024-04-16T05:49:47,8,9,62,mobile,incorrect value of post_category; 
U01145,2024-07-22T02:43:00,CL,pro,24.0,P0004871,education,2024-06-30T13:43:00,4,5,0,web,time between login and post does not make sense; 
U01745,2024-07-03T05:36:24,US,free,,P0007453,educatoin,2024-07-17T04:58:31,7,3,14,web,incorrect value of post_category; 
U00924,2024-09-15T14:37:59,PY,free,27.0,P0003969,tehc,2024-12-04T12:41:21,11,9,80,desktop,incorrect value of post_category; 
U01566,2025-02-02T01:10:19,PY,free,30.0,P0006689,tech,2025-01-23T09:10:19,4,6,0,web,time between login and post does not make sense; 
U01589,2024-09-20T22:25:42,PE,free,16.0,P0006812,sciense,2024-10-03T13:13:02,4,12,13,mobile,incorrect value of post_category; 
U00529,2025-03-28T06:48:17,US,free,22.0,P0002200,science,2025-02-27T17:48:17,12,6,0,web,time between login and post does not make sense; 
U00075,2024-11-11T17:56:35,US,free,33.0,P0000275,tehc,2024-11-18T01:20:52,6,9,7,mobile,incorrect value of post_category; 
U01973,2025-10-24T22:25:45,AR,free,34.0,P0008441,science,2025-11-28T17:17:48,18,3,35,web,the row is duplicated in data set; 
U01936,2024-02-01T20:08:44,US,free,42.0,P0008289,music,2024-01-18T13:08:44,4,15,0,mobile,time between login and post does not make sense; 
U01453,2025-01-18T00:02:11,US,free,23.0,P0006207,gamming,2025-01-24T08:11:43,10,7,6,web,incorrect value of post_category; 
U00105,2024-05-24T02:36:35,CO,free,17.0,P0000446,sciense,2024-06-01T23:14:43,9,3,8,web,incorrect value of post_category; 
U01806,2025-10-10T00:11:46,AR,free,30.0,P0007759,educatoin,2025-10-29T20:39:39,10,4,19,web,incorrect value of post_category; 
U00014,2025-06-06T13:49:13,BR,pro,,P0000042,finanse,2025-07-08T06:09:27,7,21,32,mobile,incorrect value of post_category; 
U00975,2024-01-31T21:40:14,BR,free,45.0,P0004221,sports,2024-02-13T11:43:03,6,4,13,mobile,the row is duplicated in data set; 
U00310,2024-11-10T08:19:27,US,free,26.0,P0001374,sport,2024-12-07T04:46:28,9,4,27,web,incorrect value of post_category; 
U00553,2024-11-23T18:18:53,BR,free,48.0,P0002315,sporst,2024-12-12T01:04:39,2,9,19,web,incorrect value of post_category; 
U01376,2025-06-07T16:33:51,MX,free,20.0,P0005880,tech,2025-05-14T10:33:51,3,18,0,web,time between login and post does not make sense; 
U01315,2024-02-07T00:41:37,US,pro,35.0,P0005616,healt,2024-03-20T05:25:11,3,5,42,web,incorrect value of post_category; 
U00909,2024-08-21T13:25:38,US,free,25.0,P0003911,education,2024-08-01T10:25:38,4,14,0,mobile,time between login and post does not make sense; 
U01872,2024-10-18T07:47:02,ES,pro,32.0,P0008044,tech,2024-09-18T15:47:02,8,2,0,mobile,time between login and post does not make sense; 
U01569,2024-10-19T00:09:39,BR,free,30.0,P0006700,finanse,2024-11-04T19:51:11,5,16,16,web,incorrect value of post_category; 
U00236,2025-06-22T07:49:10,BR,free,27.0,P0001021,musc,2025-07-13T14:19:58,5,9,21,mobile,incorrect value of post_category; 
U01730,2024-03-10T23:19:00,CL,pro,29.0,P0007398,sciense,2024-03-13T20:23:33,6,5,3,mobile,incorrect value of post_category; 
U01997,2024-08-09T13:05:59,PE,pro,46.0,P0008585,tehc,2024-10-24T01:19:30,11,13,76,mobile,incorrect value of post_category; 
U01884,2024-07-22T02:36:25,CO,pro,31.0,P0008110,finance,2024-06-30T11:36:25,2,5,0,mobile,time between login and post does not make sense; 
U00938,2024-01-17T08:32:05,CO,free,26.0,P0004057,finance,2023-12-26T00:32:05,12,2,0,web,time between login and post does not make sense; 
U00484,2024-07-09T19:52:45,PE,free,35.0,P0002009,sporst,2024-07-13T08:41:18,5,10,4,mobile,incorrect value of post_category; 
U00924,2024-09-15T14:37:59,PY,free,27.0,P0003972,sciense,2025-01-20T19:37:28,6,9,127,web,incorrect value of post_category; 
U00189,2024-03-15T14:27:34,BR,free,33.0,P0000816,gamming,2024-03-21T02:31:01,3,20,6,desktop,incorrect value of post_category; 
U01541,2025-08-01T04:30:19,US,pro,45.0,P0006596,healt,2025-08-09T20:24:29,4,10,8,mobile,incorrect value of post_category; 
U01317,2025-01-05T09:06:44,US,free,31.0,P0005624,lfe,2025-01-21T19:16:01,10,11,16,web,incorrect value of post_category; 
U01710,2025-01-22T14:24:00,PE,free,30.0,P0007335,sports,2025-01-30T18:52:50,0,1,8,mobile,the row is duplicated in data set; 
U00646,2025-03-29T12:16:42,ES,free,19.0,P0002674,education,2025-03-25T22:16:42,6,4,0,mobile,time between login and post does not make sense; 
U01397,2024-12-30T01:52:42,BR,free,30.0,P0005977,science,2024-12-05T14:52:42,5,7,0,web,time between login and post does not make sense; 
U00819,2024-04-26T02:18:59,BR,free,26.0,P0003542,trvael,2024-07-21T10:20:08,2,29,86,web,incorrect value of post_category; 
U01360,2024-12-21T14:58:18,CO,free,16.0,P0005801,musc,2025-03-13T15:43:41,14,6,82,mobile,incorrect value of post_category; 
U00014,2025-06-06T13:49:13,BR,pro,,P0000042,finanse,2025-07-08T06:09:27,7,21,32,mobile,the row is duplicated in data set; incorrect value of post_category; 
U00602,2025-04-25T15:36:55,AR,free,27.0,P0002517,educatoin,2025-05-11T20:26:20,3,5,16,web,incorrect value of post_category; 
U00640,2024-09-19T05:48:36,MX,pro,35.0,P0002649,tehc,2024-10-21T17:35:16,9,15,32,web,incorrect value of post_category; 
U00512,2024-08-15T20:09:44,US,enterprise,,P0002116,healt,2024-09-01T16:28:57,3,2,17,web,incorrect value of post_category; 
U00980,2024-04-10T17:59:36,AR,free,,P0004248,science,2024-03-28T21:59:36,3,14,0,desktop,time between login and post does not make sense; 
U00630,2025-01-20T12:39:41,PY,pro,36.0,P0002606,gamming,2025-02-11T00:47:11,9,6,22,web,incorrect value of post_category; 
U00257,2024-05-18T17:45:48,CO,free,17.0,P0001116,music,2024-08-11T13:25:52,9,18,85,desktop,the row is duplicated in data set; 
U00377,2024-08-20T07:27:24,CO,free,22.0,P0001651,lfe,2024-08-23T10:12:55,1,3,3,mobile,incorrect value of post_category; 
U01239,2025-11-11T16:07:49,CL,free,18.0,P0005308,sciense,2025-12-22T09:41:32,5,4,41,web,incorrect value of post_category; 
U01193,2024-12-28T04:03:45,US,free,34.0,P0005096,sport,2025-02-10T04:43:08,4,11,44,web,incorrect value of post_category; 
U01344,2024-01-02T17:13:57,US,pro,23.0,P0005742,tech,2024-01-04T10:16:17,21,6,2,mobile,the row is duplicated in data set; 
U01251,2024-01-31T12:47:41,BR,free,34.0,P0005369,sciense,2024-02-03T15:22:52,8,1,3,mobile,incorrect value of post_category; 
U00262,2025-07-14T05:20:06,PY,pro,36.0,P0001154,sport,2025-08-21T19:09:24,4,19,38,mobile,incorrect value of post_category; 
U01243,2024-05-29T02:10:03,MX,free,16.0,P0005328,tehc,2024-06-25T21:45:58,7,12,27,web,incorrect value of post_category; 
U01341,2024-10-21T21:44:36,US,pro,,P0005732,trvael,2025-06-16T18:52:57,4,20,238,mobile,incorrect value of post_category; 
U01052,2025-05-07T19:15:52,CL,pro,28.0,P0004533,gaming,2025-04-28T18:15:52,2,3,0,web,time between login and post does not make sense; 
U00395,2024-10-23T11:46:18,PY,free,24.0,P0001704,tech,2024-11-17T17:42:35,4,6,25,web,the row is duplicated in data set; 
U00819,2024-04-26T02:18:59,BR,free,26.0,P0003551,travel,2024-03-28T17:18:59,10,29,0,web,time between login and post does not make sense; 
U00680,2024-02-26T11:04:14,AR,free,25.0,P0002865,education,2024-03-02T11:22:46,5,4,5,desktop,the row is duplicated in data set; 
U00356,2025-08-22T03:30:27,MX,free,18.0,P0001567,music,2025-07-22T21:30:27,6,6,0,web,time between login and post does not make sense; 
U01976,2024-01-24T14:41:26,AR,free,19.0,P0008447,sciense,2024-01-25T01:02:42,7,3,1,web,incorrect value of post_category; 
U01472,2025-05-27T04:29:54,US,pro,,P0006273,sports,2025-05-28T02:35:03,10,13,1,mobile,the row is duplicated in data set; 
U00443,2025-03-28T16:54:18,BR,free,20.0,P0001859,lfe,2025-04-07T15:14:06,7,2,10,web,incorrect value of post_category; 
U01082,2025-09-16T01:35:06,BR,free,32.0,P0004624,sport,2025-09-23T17:59:14,8,5,7,mobile,incorrect value of post_category; 
U01440,2024-04-08T06:18:07,US,free,45.0,P0006152,sport,2024-04-19T05:41:23,26,2,11,web,incorrect value of post_category; 
U01785,2024-04-30T02:20:44,MX,free,26.0,P0007645,gamming,2024-05-17T18:09:21,6,3,17,web,incorrect value of post_category; 
U01052,2025-05-07T19:15:52,CL,pro,28.0,P0004533,gaming,2025-04-28T18:15:52,2,3,0,web,time between login and post does not make sense; the row is duplicated in data set; 
U00128,2024-05-17T04:24:13,PY,enterprise,42.0,P0000549,gamming,2024-05-27T05:00:57,2,4,10,web,incorrect value of post_category; 
U00650,2025-09-28T14:38:35,PY,free,28.0,P0002689,sciense,2025-10-05T16:19:59,10,14,7,web,incorrect value of post_category; 
U00215,2024-01-31T09:15:15,BR,free,33.0,P0000938,healt,2024-02-08T14:38:05,14,11,8,web,incorrect value of post_category; 
U01075,2024-03-10T22:10:17,PE,free,25.0,P0004602,sport,2024-03-13T06:04:36,0,3,3,web,incorrect value of post_category; 
U01414,2024-10-17T07:02:54,BR,free,38.0,P0006030,sciense,2024-11-08T17:27:39,9,5,22,mobile,incorrect value of post_category; 
U01502,2025-10-15T18:04:58,BR,free,22.0,P0006422,tech,2025-11-12T17:37:44,3,6,28,mobile,the row is duplicated in data set; 
U00102,2024-07-30T03:55:59,BR,free,27.0,P0000439,sport,2024-08-26T20:50:23,9,7,27,web,incorrect value of post_category; 
U01185,2024-02-20T02:29:12,BR,free,35.0,P0005049,tech,2024-02-28T10:52:25,1,8,8,mobile,the row is duplicated in data set; 
U00084,2025-07-17T06:27:31,ES,free,16.0,P0000323,sport,2025-07-28T12:49:03,3,8,11,mobile,incorrect value of post_category; 
U00301,2025-12-13T08:11:01,BR,pro,16.0,P0001335,life,2025-12-31T10:16:24,4,5,18,mobile,the row is duplicated in data set; 
U01746,2025-10-10T00:12:03,PE,free,25.0,P0007459,finance,2025-09-20T16:12:03,5,9,0,web,time between login and post does not make sense; 
U01880,2024-11-05T20:01:07,MX,free,29.0,P0008090,sports,2025-04-03T17:30:00,9,15,149,web,the row is duplicated in data set; 
U01098,2024-03-24T08:07:40,CL,free,29.0,P0004691,science,2024-03-06T17:07:40,9,3,0,web,time between login and post does not make sense; 
U01736,2025-10-22T21:23:43,US,pro,,P0007424,tehc,2025-11-08T23:28:37,17,4,17,mobile,incorrect value of post_category; 
U00670,2025-06-08T10:24:10,US,pro,25.0,P0002821,sport,2025-08-21T09:11:35,5,20,74,mobile,incorrect value of post_category; 
U00344,2024-06-30T15:33:01,MX,pro,26.0,P0001515,finanse,2024-08-04T02:45:52,4,11,35,web,incorrect value of post_category; 
U01581,2024-05-13T01:40:15,PY,free,16.0,P0006774,sciense,2024-06-20T07:20:47,4,6,38,web,incorrect value of post_category; 
U00102,2024-07-30T03:55:59,BR,free,27.0,P0000433,sport,2024-08-12T06:45:39,7,7,13,web,incorrect value of post_category; 
U00452,2025-11-25T17:32:43,US,free,30.0,P0001887,lfe,2025-11-27T15:09:44,2,5,2,mobile,incorrect value of post_category; 
U00712,2024-05-03T11:06:39,US,pro,17.0,P0003044,tech,2024-06-20T06:40:55,10,11,48,web,the row is duplicated in data set; 
U00780,2024-12-29T17:23:42,MX,free,33.0,P0003363,sporst,2025-02-26T18:39:08,8,27,59,web,incorrect value of post_category; 
U00207,2024-02-03T03:31:49,PY,free,37.0,P0000905,gaming,2024-01-18T23:31:49,5,17,0,mobile,time between login and post does not make sense; 
U00774,2024-12-17T23:29:55,CL,free,,P0003317,tehc,2025-01-12T18:15:56,12,5,26,mobile,incorrect value of post_category; 
U01543,2025-01-08T13:58:32,BR,pro,32.0,P0006604,science,2025-01-20T05:08:19,3,5,12,web,the row is duplicated in data set; 
U01375,2024-11-06T03:16:27,BR,free,33.0,P0005868,gaming,2024-11-11T15:32:41,18,5,5,web,the row is duplicated in data set; 
U01625,2025-03-07T13:28:05,MX,free,32.0,P0006985,finanse,2025-04-06T19:02:51,17,8,30,web,incorrect value of post_category; 
U00267,2024-09-11T17:19:10,AR,free,25.0,P0001193,sport,2025-02-08T14:14:57,9,25,150,mobile,incorrect value of post_category; 
U00187,2025-09-26T02:36:03,AR,free,25.0,P0000798,healt,2025-11-14T18:47:24,7,12,49,mobile,incorrect value of post_category; 
U00082,2024-05-13T18:02:08,BR,free,36.0,P0000313,science,2024-05-03T23:02:08,1,10,0,desktop,time between login and post does not make sense; 
U01578,2025-09-04T01:17:00,US,free,,P0006758,musc,2025-09-13T07:24:44,6,4,9,web,incorrect value of post_category; 
U00650,2025-09-28T14:38:35,PY,free,28.0,P0002699,sports,2025-11-11T12:07:23,7,14,44,web,the row is duplicated in data set; 
U01682,2025-08-23T13:23:49,CO,free,29.0,P0007227,gamming,2025-08-26T23:22:32,2,5,3,web,incorrect value of post_category; 
U00876,2024-02-15T00:25:56,ES,free,39.0,P0003774,sport,2024-02-22T18:36:38,2,2,7,mobile,incorrect value of post_category; 
U01500,2025-01-31T08:52:50,US,free,,P0006410,sport,2025-02-02T04:44:23,2,1,2,web,incorrect value of post_category; 
U00087,2024-01-08T12:18:18,ES,free,23.0,P0000372,finanse,2024-09-02T10:24:04,23,39,238,web,incorrect value of post_category; 
U01980,2024-04-18T12:31:00,PY,free,,P0008473,lfe,2024-04-25T15:15:22,2,9,7,web,incorrect value of post_category; 
U00976,2024-12-20T17:16:17,BR,enterprise,28.0,P0004230,tech,2024-12-15T19:16:17,3,15,0,web,time between login and post does not make sense; 
U01376,2025-06-07T16:33:51,MX,free,20.0,P0005884,tehc,2025-09-16T12:44:41,14,18,101,web,incorrect value of post_category; 
U00729,2025-05-21T18:28:01,CO,free,32.0,P0003102,lfe,2025-05-29T16:01:23,4,2,8,web,incorrect value of post_category; 
U00741,2025-03-07T12:13:22,CL,pro,16.0,P0003166,tech,2025-02-18T16:13:22,18,5,1,mobile,time between login and post does not make sense; 
U01102,2025-03-30T16:49:39,AR,free,35.0,P0004711,sporst,2025-04-04T20:35:43,6,5,5,web,incorrect value of post_category; 
U00909,2024-08-21T13:25:38,US,free,25.0,P0003909,science,2024-08-08T12:25:38,8,14,0,web,time between login and post does not make sense; 
U00267,2024-09-11T17:19:10,AR,free,25.0,P0001171,sporst,2024-09-20T16:00:44,7,25,9,mobile,incorrect value of post_category; 
U01415,2024-12-24T07:16:48,UY,pro,30.0,P0006039,sport,2024-11-29T12:16:48,15,10,0,web,time between login and post does not make sense; incorrect value of post_category; 
U01787,2024-03-06T23:00:44,ES,free,18.0,P0007653,educatoin,2024-03-31T15:41:11,3,11,25,web,incorrect value of post_category; 
U01197,2025-11-10T06:05:43,BR,free,36.0,P0005107,educatoin,2025-11-27T06:11:03,7,3,17,web,incorrect value of post_category; 
U00958,2024-01-15T08:02:53,BR,pro,19.0,P0004133,musc,2024-01-16T07:51:47,3,3,1,mobile,incorrect value of post_category; 
U00908,2024-11-13T07:02:14,AR,free,,P0003904,sporst,2024-12-03T08:55:31,1,2,20,web,incorrect value of post_category; 
U01534,2024-02-06T03:17:47,AR,free,18.0,P0006561,trvael,2024-02-06T20:32:12,19,1,0,mobile,incorrect value of post_category; 
U01570,2025-09-07T11:51:52,ES,free,30.0,P0006717,sporst,2025-09-21T14:13:55,1,6,14,mobile,incorrect value of post_category; 
U01848,2025-03-08T13:06:41,CO,free,28.0,P0007937,educatoin,2025-03-30T09:37:24,0,7,22,mobile,incorrect value of post_category; 
U00555,2024-01-13T11:42:41,US,free,36.0,P0002329,tehc,2024-02-28T22:01:26,5,17,46,web,incorrect value of post_category; 
U01087,2024-12-09T19:15:34,AR,free,31.0,P0004642,health,2024-12-11T10:29:18,4,4,2,mobile,the row is duplicated in data set; 
U01976,2024-01-24T14:41:26,AR,free,19.0,P0008449,sporst,2024-02-02T04:35:35,8,3,9,web,incorrect value of post_category; 
U01602,2024-06-25T05:16:36,CO,free,23.0,P0006889,sporst,2024-08-28T14:17:08,4,11,64,web,incorrect value of post_category; 
U00469,2024-10-19T20:51:06,AR,free,32.0,P0001957,tehc,2024-10-22T16:53:59,6,6,3,mobile,incorrect value of post_category; 
U01016,2024-03-16T13:12:37,CL,free,34.0,P0004398,tehc,2024-05-29T06:32:01,3,14,74,mobile,incorrect value of post_category; 
U01593,2024-02-29T18:06:57,BR,pro,16.0,P0006848,sciense,2024-03-17T15:18:49,7,16,17,mobile,incorrect value of post_category; 
U01695,2025-11-06T04:16:05,BR,free,28.0,P0007284,gaming,2025-11-08T16:22:46,1,5,2,web,the row is duplicated in data set; 
U01175,2024-09-25T17:53:50,BR,free,23.0,P0005004,tech,2024-09-27T18:51:18,6,1,2,mobile,the row is duplicated in data set; 
U01493,2025-06-13T17:18:16,US,free,50.0,P0006359,education,2025-07-30T15:45:21,0,4,47,web,the row is duplicated in data set; 
U01535,2024-03-12T04:45:20,US,free,17.0,P0006571,healt,2024-05-28T09:58:42,5,15,77,web,incorrect value of post_category; 
U01586,2025-08-01T17:45:57,PE,free,31.0,P0006803,sport,2025-09-26T18:56:55,3,5,56,web,incorrect value of post_category; 
U01642,2025-04-07T21:54:18,CO,free,19.0,P0007077,healt,2025-04-19T23:57:43,3,7,12,web,incorrect value of post_category; 
U00980,2024-04-10T17:59:36,AR,free,,P0004255,tech,2024-06-07T04:05:53,5,14,58,desktop,the row is duplicated in data set; 
U00780,2024-12-29T17:23:42,MX,free,33.0,P0003359,gamming,2025-02-23T11:44:02,14,27,56,web,incorrect value of post_category; 
U00112,2024-09-22T11:21:20,CO,free,29.0,P0000472,tehc,2024-10-23T05:18:36,8,3,31,web,incorrect value of post_category; 
U01592,2024-04-02T04:55:01,AR,free,25.0,P0006837,finance,2024-06-23T23:48:55,0,17,82,desktop,the row is duplicated in data set; 
U00404,2024-11-27T12:31:44,US,free,30.0,P0001745,travel,2024-12-21T16:33:04,15,7,24,web,the row is duplicated in data set; 
U00077,2024-10-31T03:58:46,ES,free,31.0,P0000293,tehc,2024-11-17T05:27:54,17,6,17,mobile,incorrect value of post_category; 
U01418,2024-12-31T18:09:58,UY,free,28.0,P0006062,sport,2025-01-18T01:06:45,3,8,18,web,incorrect value of post_category; 
U00772,2024-11-20T23:35:55,PY,free,31.0,P0003304,finanse,2024-11-26T20:36:38,5,6,6,mobile,incorrect value of post_category; 
U01818,2025-01-08T04:53:40,BR,free,33.0,P0007810,health,2025-01-09T09:38:27,3,6,1,mobile,the row is duplicated in data set; 
U00267,2024-09-11T17:19:10,AR,free,25.0,P0001189,travel,2025-01-06T06:05:07,14,25,117,mobile,the row is duplicated in data set; 
U00576,2024-02-10T22:47:44,PY,free,16.0,P0002432,music,2024-01-21T13:47:44,8,9,0,web,time between login and post does not make sense; 
U00761,2025-03-21T20:01:45,CO,free,45.0,P0003252,gamming,2025-04-20T19:14:05,12,8,27,mobile,incorrect value of post_category; 
U00640,2024-09-19T05:48:36,MX,pro,35.0,P0002654,tech,2024-11-15T18:16:34,4,15,57,mobile,the row is duplicated in data set; 
U00268,2025-06-27T00:15:03,UY,free,28.0,P0001195,lfe,2025-07-20T15:17:31,1,8,23,web,incorrect value of post_category; 
U01936,2024-02-01T20:08:44,US,free,42.0,P0008294,sciense,2024-07-13T17:13:05,9,15,163,mobile,incorrect value of post_category; 
U01112,2025-08-29T22:54:32,MX,free,22.0,P0004746,finanse,2025-09-11T18:48:55,21,5,13,mobile,incorrect value of post_category; 
U01396,2025-06-16T20:42:27,MX,pro,20.0,P0005974,gaming,2025-06-12T04:42:27,10,1,0,mobile,time between login and post does not make sense; 
U01630,2024-01-06T00:51:05,BR,free,31.0,P0007011,gaming,2024-01-17T15:44:20,7,4,11,web,the row is duplicated in data set; 
U00682,2025-06-17T14:24:12,US,free,24.0,P0002878,sports,2025-08-14T18:15:55,1,11,58,mobile,the row is duplicated in data set; 
U00304,2024-03-10T11:40:19,AR,free,16.0,P0001351,tech,2024-03-20T10:07:01,8,3,10,web,the row is duplicated in data set; 
U01974,2024-12-28T00:25:06,US,free,35.0,P0008443,musc,2024-12-29T07:53:44,14,3,1,mobile,incorrect value of post_category; 
U00278,2025-02-06T12:25:28,UY,free,41.0,P0001235,tech,2025-02-04T00:25:28,6,6,0,web,time between login and post does not make sense; 
U01090,2025-09-20T09:55:11,US,free,22.0,P0004652,educatoin,2025-09-20T16:56:09,6,6,0,mobile,incorrect value of post_category; 
U01234,2025-06-23T14:39:27,BR,free,28.0,P0005279,lfe,2025-07-08T11:18:31,13,6,15,mobile,incorrect value of post_category; 
U01303,2024-10-31T12:43:38,BR,pro,38.0,P0005572,tehc,2024-11-23T22:22:29,4,5,23,mobile,incorrect value of post_category; 
U00257,2024-05-18T17:45:48,CO,free,17.0,P0001113,travel,2024-05-15T20:45:48,2,18,0,mobile,time between login and post does not make sense; 
U01988,2025-02-18T02:07:44,PY,pro,26.0,P0008520,science,2025-01-18T11:07:44,15,16,0,mobile,time between login and post does not make sense; 
U01767,2025-09-12T10:24:29,US,free,,P0007572,sciense,2025-11-22T04:03:52,3,13,72,web,incorrect value of post_category; 
U00145,2025-01-20T14:31:09,CO,free,16.0,P0000637,finance,2025-01-07T06:31:09,7,6,0,mobile,time between login and post does not make sense; 
U01967,2024-05-15T06:02:08,PE,free,26.0,P0008409,science,2024-06-07T05:04:54,3,4,23,mobile,the row is duplicated in data set; 
U00250,2025-08-17T19:58:39,US,free,39.0,P0001084,healt,2025-09-15T20:48:02,3,1,29,web,incorrect value of post_category; 
U01228,2024-03-21T18:29:07,MX,free,20.0,P0005258,educatoin,2024-03-31T13:16:34,4,2,10,web,incorrect value of post_category; 
U00633,2025-12-08T22:31:22,US,free,27.0,P0002618,musc,2025-12-16T04:19:31,6,5,8,mobile,incorrect value of post_category; 
U00640,2024-09-19T05:48:36,MX,pro,35.0,P0002655,trvael,2024-11-20T07:02:33,2,15,62,web,incorrect value of post_category; 
U00929,2025-12-20T20:05:13,BR,pro,34.0,P0003998,educatoin,2025-12-27T22:49:44,4,1,7,web,incorrect value of post_category; 
U01668,2024-12-16T23:21:55,US,free,18.0,P0007181,healt,2025-01-19T22:17:37,6,3,34,mobile,incorrect value of post_category; 
U01235,2025-08-02T05:27:42,PY,free,33.0,P0005287,finance,2025-07-19T21:27:42,11,5,0,web,time between login and post does not make sense; 
U00184,2025-08-13T16:38:00,US,pro,17.0,P0000780,sciense,2025-09-08T03:13:49,1,9,26,web,incorrect value of post_category; 
U00811,2024-12-06T02:10:41,BR,free,28.0,P0003476,educatoin,2024-12-14T05:57:12,5,22,8,mobile,incorrect value of post_category; 
U00813,2024-08-15T23:29:10,BR,free,18.0,P0003506,sport,2024-09-24T15:32:09,5,11,40,mobile,incorrect value of post_category; 
U01843,2024-05-09T17:31:38,PY,free,33.0,P0007912,finanse,2024-07-31T23:08:15,6,31,83,mobile,incorrect value of post_category; 
U01585,2024-03-12T07:46:01,CL,pro,25.0,P0006792,life,2024-05-08T17:47:44,7,16,57,desktop,the row is duplicated in data set; 
U00076,2025-11-26T18:15:56,ES,free,32.0,P0000288,sciense,2025-12-27T16:38:47,10,8,31,mobile,incorrect value of post_category; 
U00819,2024-04-26T02:18:59,BR,free,26.0,P0003540,musc,2024-07-18T07:23:44,10,29,83,web,incorrect value of post_category; 
U00432,2025-04-11T02:25:31,MX,free,26.0,P0001821,education,2025-04-20T21:40:54,7,3,9,web,the row is duplicated in data set; 
U00356,2025-08-22T03:30:27,MX,free,18.0,P0001565,educatoin,2025-08-31T22:52:22,5,6,9,web,incorrect value of post_category; 
U00163,2024-05-20T22:37:09,US,free,21.0,P0000709,sciense,2024-06-05T09:55:29,4,3,16,web,incorrect value of post_category; 
U00029,2024-02-24T01:09:58,US,free,26.0,P0000114,musc,2024-02-29T04:01:19,1,5,5,web,incorrect value of post_category; 
U00612,2025-03-11T12:34:31,ES,free,41.0,P0002549,sporst,2025-03-29T21:47:21,10,2,18,mobile,incorrect value of post_category; 
U01176,2025-10-21T16:23:29,MX,free,24.0,P0005016,tech,2025-10-11T15:23:29,12,12,0,mobile,time between login and post does not make sense; 
U00060,2024-06-11T20:07:45,AR,free,35.0,P0000230,sciense,2024-06-24T15:15:59,7,10,13,mobile,incorrect value of post_category; 
U01763,2024-12-02T12:42:25,BR,free,39.0,P0007543,music,2024-11-08T11:42:25,5,13,0,web,time between login and post does not make sense; the row is duplicated in data set; 
U00222,2025-05-09T19:22:22,BR,free,40.0,P0000967,tehc,2025-07-16T22:49:28,3,8,68,mobile,incorrect value of post_category; 
U00054,2024-06-07T20:24:04,BR,free,16.0,P0000204,sciense,2024-06-20T02:11:03,8,12,13,web,incorrect value of post_category; 
U01818,2025-01-08T04:53:40,BR,free,33.0,P0007815,sciense,2025-02-20T13:30:22,7,6,43,mobile,incorrect value of post_category; 
U00970,2024-02-23T16:00:48,BR,enterprise,32.0,P0004210,trvael,2024-03-17T18:07:14,0,6,23,web,incorrect value of post_category; 
U00313,2025-07-06T12:48:31,BR,free,21.0,P0001393,finance,2025-07-16T23:55:38,11,4,10,mobile,the row is duplicated in data set; 
U01113,2024-02-14T16:07:53,PY,free,25.0,P0004754,sciense,2024-03-23T17:08:10,18,5,38,desktop,incorrect value of post_category; 
U00267,2024-09-11T17:19:10,AR,free,25.0,P0001173,education,2024-10-03T03:35:49,2,25,22,mobile,the row is duplicated in data set; 
U01172,2024-06-11T09:28:34,MX,free,27.0,P0004998,sciense,2024-06-19T08:43:36,4,3,8,web,incorrect value of post_category; 
U01512,2024-05-09T10:17:35,BR,free,17.0,P0006473,sporst,2024-05-29T22:45:21,3,9,20,desktop,incorrect value of post_category; 
U00344,2024-06-30T15:33:01,MX,pro,26.0,P0001506,sporst,2024-07-01T10:25:57,7,11,1,mobile,incorrect value of post_category; 
U01903,2024-05-24T03:19:30,ES,free,25.0,P0008185,tech,2024-05-24T15:31:49,7,1,0,mobile,the row is duplicated in data set; 
U01204,2025-09-05T01:37:05,PY,free,27.0,P0005153,trvael,2025-11-19T20:49:08,6,15,75,mobile,incorrect value of post_category; 
U01078,2024-09-17T11:05:16,PE,free,34.0,P0004615,sports,2024-09-05T11:05:16,3,6,0,mobile,time between login and post does not make sense; 
U01771,2025-08-17T21:19:03,US,free,35.0,P0007585,finanse,2025-08-30T10:08:20,2,21,13,mobile,incorrect value of post_category; 
U00403,2025-04-14T07:23:23,BR,enterprise,18.0,P0001737,gaming,2025-04-23T22:12:07,3,5,9,mobile,the row is duplicated in data set; 
U00166,2025-10-20T09:39:41,CL,enterprise,30.0,P0000721,health,2025-10-05T13:39:41,10,1,0,web,time between login and post does not make sense; 
U01727,2025-07-25T19:39:24,PY,free,30.0,P0007392,tehc,2025-07-30T13:41:51,8,1,5,mobile,incorrect value of post_category; 
U01476,2024-09-29T20:20:00,US,pro,28.0,P0006297,sciense,2024-10-04T13:18:47,3,3,5,mobile,incorrect value of post_category; 
U00626,2024-11-13T10:34:04,US,pro,34.0,P0002595,tech,2024-11-06T05:34:04,13,1,0,web,time between login and post does not make sense; 
U01047,2025-02-21T23:15:50,AR,pro,28.0,P0004513,education,2025-03-10T09:18:15,26,9,17,web,the row is duplicated in data set; 
U00912,2025-09-05T00:00:33,MX,free,27.0,P0003928,sporst,2025-09-06T16:33:42,13,2,1,mobile,incorrect value of post_category; 
U00555,2024-01-13T11:42:41,US,free,36.0,P0002331,sciense,2024-03-01T06:19:33,8,17,48,mobile,incorrect value of post_category; 
U01149,2025-03-23T15:50:37,PY,free,30.0,P0004886,science,2025-02-27T23:50:37,5,15,0,web,time between login and post does not make sense; 
U01669,2024-10-07T13:08:03,BR,free,41.0,P0007190,gamming,2024-12-03T18:31:58,6,10,57,web,incorrect value of post_category; 
U00674,2025-06-14T15:48:29,ES,free,36.0,P0002844,gamming,2025-07-12T07:43:52,3,9,28,web,incorrect value of post_category; 
U01818,2025-01-08T04:53:40,BR,free,33.0,P0007814,tehc,2025-02-09T23:17:10,10,6,32,mobile,incorrect value of post_category; 
U00137,2024-03-12T19:58:23,BR,free,32.0,P0000603,lfe,2024-06-11T19:25:28,7,22,91,mobile,incorrect value of post_category; 
U01878,2025-04-05T06:14:26,BR,pro,16.0,P0008078,sporst,2025-07-19T03:04:44,5,18,105,mobile,incorrect value of post_category; 
U01863,2024-12-12T21:40:02,CL,free,31.0,P0007999,gamming,2025-01-28T13:14:33,9,5,47,web,incorrect value of post_category; 
U00652,2025-06-18T11:01:43,US,free,28.0,P0002705,gaming,2025-05-29T01:01:43,3,2,0,web,time between login and post does not make sense; 
U00189,2024-03-15T14:27:34,BR,free,33.0,P0000817,science,2024-02-29T04:27:34,13,20,0,desktop,time between login and post does not make sense; 
U01994,2025-11-22T07:09:10,BR,pro,29.0,P0008560,tehc,2025-12-03T19:40:40,4,4,11,mobile,incorrect value of post_category; 
U01995,2025-10-07T10:24:00,ES,free,29.0,P0008567,sciense,2025-10-23T07:45:08,4,5,16,web,incorrect value of post_category; 
U00821,2024-04-30T04:21:22,MX,free,19.0,P0003561,tech,2024-05-25T10:24:24,0,21,25,mobile,the row is duplicated in data set; 
U00919,2025-07-10T13:56:10,ES,free,24.0,P0003952,gaming,2025-06-25T12:56:10,3,3,0,web,time between login and post does not make sense; 
U01864,2025-11-07T15:17:00,AR,pro,26.0,P0008002,tehc,2025-11-11T22:51:58,10,1,4,web,incorrect value of post_category; 
U00967,2024-01-17T02:25:23,ES,free,24.0,P0004174,gaming,2024-05-24T05:55:29,8,38,128,web,the row is duplicated in data set; 
U01506,2024-01-17T02:02:50,PE,free,22.0,P0006436,sport,2024-01-21T06:17:36,14,9,4,desktop,incorrect value of post_category; 
U00306,2025-09-12T11:25:14,AR,free,35.0,P0001364,finanse,2025-11-09T13:35:06,2,9,58,mobile,incorrect value of post_category; 
U01223,2024-06-10T09:14:00,CO,free,16.0,P0005230,finanse,2024-06-12T12:41:29,74,15,2,web,incorrect value of post_category; 
U00155,2024-03-29T12:32:29,PY,free,34.0,P0000681,trvael,2024-05-16T14:56:37,18,3,48,web,incorrect value of post_category; 
U01981,2024-01-16T17:57:59,US,pro,29.0,P0008490,healt,2024-03-19T20:10:24,14,16,63,web,incorrect value of post_category; 
U01502,2025-10-15T18:04:58,BR,free,22.0,P0006418,educatoin,2025-10-23T22:55:23,5,6,8,web,incorrect value of post_category; 
U00614,2024-10-16T04:12:12,CL,free,29.0,P0002553,tehc,2024-10-17T05:06:47,7,4,1,mobile,incorrect value of post_category; 
U01593,2024-02-29T18:06:57,BR,pro,16.0,P0006851,trvael,2024-05-06T21:54:30,15,16,67,mobile,incorrect value of post_category; 
U00659,2024-04-25T10:19:57,US,free,34.0,P0002750,sport,2024-05-11T04:08:14,3,4,16,web,incorrect value of post_category; 
U01748,2024-05-28T13:17:51,CO,free,,P0007472,life,2024-05-05T14:17:51,12,12,0,web,time between login and post does not make sense; 
U01056,2025-12-17T07:57:16,MX,free,27.0,P0004558,healt,2025-12-24T04:39:43,7,6,7,mobile,incorrect value of post_category; 
U01046,2025-04-23T08:28:42,MX,free,28.0,P0004501,educatoin,2025-05-26T04:47:14,8,11,33,web,incorrect value of post_category; 
U01211,2024-05-18T14:48:29,CL,free,28.0,P0005186,gaming,2024-05-22T07:46:16,2,9,4,mobile,the row is duplicated in data set; 
U00256,2024-07-17T14:27:19,AR,free,,P0001106,gaming,2024-07-22T22:22:20,3,3,5,mobile,the row is duplicated in data set; 
U00148,2024-05-11T01:50:20,US,free,16.0,P0000648,finance,2024-08-02T07:26:12,11,8,83,web,the row is duplicated in data set; 
U01878,2025-04-05T06:14:26,BR,pro,16.0,P0008069,tech,2025-03-11T17:14:26,4,18,0,mobile,time between login and post does not make sense; 
U01674,2025-11-15T08:23:55,AR,pro,16.0,P0007211,tehc,2025-11-20T06:43:28,7,6,5,mobile,incorrect value of post_category; 
U00257,2024-05-18T17:45:48,CO,free,17.0,P0001117,gaming,2024-08-12T15:48:17,9,18,86,web,the row is duplicated in data set; 
U01180,2024-04-01T19:01:52,BR,pro,31.0,P0005028,sport,2024-06-06T16:15:21,11,7,66,mobile,incorrect value of post_category; 
U00811,2024-12-06T02:10:41,BR,free,28.0,P0003484,sporst,2025-01-05T10:12:57,1,22,30,desktop,incorrect value of post_category; 
U01445,2025-09-18T20:51:10,ES,free,16.0,P0006170,finanse,2025-10-19T07:46:36,6,8,31,mobile,the row is duplicated in data set; incorrect value of post_category; 
U00010,2025-05-22T23:00:07,AR,free,23.0,P0000026,sport,2025-05-28T03:18:55,13,5,6,web,incorrect value of post_category; 
U00764,2025-03-10T19:47:20,AR,free,16.0,P0003271,tehc,2025-05-02T22:20:31,12,16,53,mobile,incorrect value of post_category; 
U00226,2025-01-25T20:25:57,US,pro,24.0,P0000980,gamming,2025-02-04T18:58:48,10,9,10,web,incorrect value of post_category; 
U00940,2024-04-20T23:38:36,AR,free,29.0,P0004064,sporst,2024-05-13T14:16:54,12,8,23,mobile,incorrect value of post_category; 
U01588,2025-08-30T16:09:59,PY,free,44.0,P0006808,tech,2025-09-08T21:47:11,3,3,9,web,the row is duplicated in data set; 
U01089,2025-05-10T12:15:03,AR,free,23.0,P0004648,music,2025-05-15T19:51:05,1,6,5,web,the row is duplicated in data set; 
U00776,2025-06-12T02:56:49,BR,free,17.0,P0003324,gamming,2025-06-17T18:58:05,3,3,5,mobile,incorrect value of post_category; 
U01293,2024-01-29T21:09:45,AR,free,32.0,P0005534,tehc,2024-07-04T16:17:03,7,13,157,web,incorrect value of post_category; 
U00467,2025-01-20T13:13:51,MX,free,28.0,P0001949,tech,2025-06-18T05:37:45,9,8,149,web,the row is duplicated in data set; 
U00189,2024-03-15T14:27:34,BR,free,33.0,P0000819,travel,2024-03-05T13:27:34,3,20,0,web,time between login and post does not make sense; 
U00795,2025-11-23T10:20:52,PY,free,28.0,P0003415,finance,2025-12-15T05:47:04,2,7,22,web,the row is duplicated in data set; 
U01158,2025-07-04T23:34:27,AR,free,23.0,P0004946,lfe,2025-11-27T05:22:28,2,25,146,web,incorrect value of post_category; 
U01871,2025-07-15T19:58:22,PE,free,17.0,P0008041,sport,2025-07-31T12:08:00,14,3,16,web,incorrect value of post_category; 
U01526,2025-12-31T11:38:22,CO,pro,16.0,P0006544,music,2025-12-31T21:11:34,11,1,0,web,the row is duplicated in data set; 
U01585,2024-03-12T07:46:01,CL,pro,25.0,P0006790,music,2024-02-12T09:46:01,19,16,0,desktop,time between login and post does not make sense; 
U01988,2025-02-18T02:07:44,PY,pro,26.0,P0008514,trvael,2025-05-07T04:23:21,7,16,78,web,incorrect value of post_category; 
U00736,2024-03-23T10:52:30,US,free,28.0,P0003140,education,2024-05-04T16:18:28,3,13,42,web,the row is duplicated in data set; 
U01615,2025-04-12T12:16:55,PY,free,48.0,P0006955,gamming,2025-06-13T10:33:26,62,9,62,mobile,incorrect value of post_category; 
U00367,2025-05-20T02:12:18,US,free,,P0001611,sports,2025-06-05T14:19:17,6,5,16,mobile,the row is duplicated in data set; 
U00457,2025-08-16T11:41:38,AR,pro,27.0,P0001910,tehc,2025-09-07T09:03:48,0,9,22,mobile,incorrect value of post_category; 
U01334,2025-06-22T10:39:05,US,free,16.0,P0005682,educatoin,2025-06-24T07:49:05,11,1,2,web,incorrect value of post_category; 
U01978,2025-11-05T23:13:06,CL,free,35.0,P0008466,healt,2025-11-17T18:07:42,4,4,12,mobile,incorrect value of post_category; 
U00856,2024-12-16T12:52:44,BR,free,23.0,P0003700,sport,2025-03-04T12:31:44,4,6,78,mobile,incorrect value of post_category; 
U01158,2025-07-04T23:34:27,AR,free,23.0,P0004929,educatoin,2025-08-11T05:11:42,5,25,38,desktop,incorrect value of post_category; 
U00886,2025-01-21T16:50:48,MX,free,,P0003837,sports,2025-02-11T16:48:27,10,10,21,mobile,the row is duplicated in data set; 
U01012,2025-06-17T04:31:53,ES,enterprise,38.0,P0004376,education,2025-06-19T07:04:16,5,7,2,web,the row is duplicated in data set; 
U01186,2024-11-28T03:12:14,US,free,39.0,P0005055,sciense,2024-12-08T02:03:28,19,1,10,web,incorrect value of post_category; 
U01787,2024-03-06T23:00:44,ES,free,18.0,P0007650,sports,2024-02-27T13:00:44,3,11,0,web,time between login and post does not make sense; 
U01760,2025-10-30T19:48:42,BR,free,29.0,P0007535,sports,2025-12-28T11:39:25,11,10,59,web,the row is duplicated in data set; 
U01310,2024-01-08T05:19:40,AR,free,21.0,P0005595,finance,2024-01-21T09:02:39,0,4,13,mobile,the row is duplicated in data set; 
U00576,2024-02-10T22:47:44,PY,free,16.0,P0002430,finanse,2024-03-14T14:05:28,4,9,35,web,incorrect value of post_category; 
U01455,2025-02-13T08:57:53,US,free,41.0,P0006218,tech,2025-03-11T04:16:39,16,7,26,mobile,the row is duplicated in data set; 
U00442,2024-06-27T21:29:45,MX,free,27.0,P0001847,health,2024-06-28T10:24:35,7,12,1,web,the row is duplicated in data set; 
U01997,2024-08-09T13:05:59,PE,pro,46.0,P0008583,health,2024-10-03T06:45:06,10,13,55,web,the row is duplicated in data set; 
U01970,2024-07-17T04:55:03,CO,free,34.0,P0008426,life,2024-07-04T15:55:03,11,10,0,web,time between login and post does not make sense; 
U01831,2025-09-02T05:40:39,CO,free,34.0,P0007854,education,2025-09-15T22:34:05,7,4,13,web,the row is duplicated in data set; 
U00605,2024-04-17T18:40:08,US,free,41.0,P0002525,educatoin,2024-05-04T03:38:45,17,6,17,web,incorrect value of post_category; 
U01782,2024-03-06T06:08:28,US,free,24.0,P0007636,health,2024-03-18T06:38:32,4,3,12,web,the row is duplicated in data set; 
U01604,2024-06-26T18:06:18,US,free,39.0,P0006896,sporst,2024-10-31T13:02:45,0,7,127,mobile,incorrect value of post_category; 
U01989,2025-03-21T06:33:07,BR,free,,P0008536,finance,2025-06-03T04:25:31,1,13,74,desktop,the row is duplicated in data set; 
U00885,2025-03-22T09:05:16,US,pro,21.0,P0003810,sports,2025-09-10T04:45:03,7,35,172,mobile,the row is duplicated in data set; 
U01875,2024-09-27T05:40:50,US,free,22.0,P0008052,gamming,2024-09-30T12:32:03,2,5,3,mobile,incorrect value of post_category; 
U01379,2025-05-24T23:35:06,BR,free,26.0,P0005917,travel,2025-08-22T08:40:21,13,8,90,web,the row is duplicated in data set; 
U01413,2025-01-22T02:09:31,AR,free,32.0,P0006022,health,2024-12-25T16:09:31,6,9,0,web,time between login and post does not make sense; 
U01432,2024-06-22T06:55:35,CO,pro,21.0,P0006128,life,2024-06-22T19:36:26,1,4,0,mobile,the row is duplicated in data set; 
U01085,2024-02-12T18:08:15,US,free,40.0,P0004635,music,2024-03-31T22:45:05,3,9,48,web,the row is duplicated in data set; 
U00039,2025-12-27T00:46:34,CL,free,29.0,P0000156,sciense,2025-12-27T04:20:58,3,1,0,desktop,incorrect value of post_category; 
U01868,2025-11-08T09:01:20,CO,free,41.0,P0008025,sport,2025-11-19T08:52:48,15,4,11,web,incorrect value of post_category; 
U00967,2024-01-17T02:25:23,ES,free,24.0,P0004192,science,2025-01-12T00:43:56,4,38,361,mobile,the row is duplicated in data set; 
U00886,2025-01-21T16:50:48,MX,free,,P0003832,music,2024-12-26T13:50:48,6,10,0,web,time between login and post does not make sense; 
U00661,2024-09-09T09:05:31,US,free,29.0,P0002759,tech,2024-10-16T19:18:51,1,9,37,web,the row is duplicated in data set; 
U01381,2025-12-05T12:02:37,CO,free,23.0,P0005928,health,2025-11-04T15:02:37,1,5,0,mobile,time between login and post does not make sense; 
U00821,2024-04-30T04:21:22,MX,free,19.0,P0003558,finance,2024-05-03T11:58:00,14,21,3,mobile,the row is duplicated in data set; 
U00811,2024-12-06T02:10:41,BR,free,28.0,P0003492,science,2025-03-06T12:12:52,4,22,91,web,the row is duplicated in data set; 
U01856,2024-10-04T00:30:45,PY,free,27.0,P0007975,trvael,2024-10-17T01:49:41,0,10,13,desktop,incorrect value of post_category; 
U00778,2025-06-20T03:24:23,US,free,28.0,P0003340,sports,2025-09-26T08:10:44,17,6,98,web,the row is duplicated in data set; 
U00478,2025-08-02T22:01:31,MX,enterprise,25.0,P0001992,life,2025-08-15T14:30:35,9,5,13,web,the row is duplicated in data set; 
U00754,2025-03-07T04:56:28,BR,free,,P0003216,tech,2025-02-15T11:56:28,3,10,0,web,time between login and post does not make sense; 
U01210,2024-07-02T17:40:18,BR,free,33.0,P0005177,finanse,2024-07-04T01:15:55,1,7,2,mobile,incorrect value of post_category; 
U01640,2024-05-16T11:44:09,BR,free,26.0,P0007060,sport,2024-05-23T21:36:36,1,1,7,web,incorrect value of post_category; 
U00549,2025-08-17T22:06:21,MX,free,41.0,P0002298,finanse,2025-08-14T18:06:21,9,1,0,web,time between login and post does not make sense; incorrect value of post_category; 
U01046,2025-04-23T08:28:42,MX,free,28.0,P0004503,gaming,2025-06-03T05:57:34,7,11,41,web,the row is duplicated in data set; 
U00054,2024-06-07T20:24:04,BR,free,16.0,P0000205,finanse,2024-06-30T01:58:37,8,12,23,mobile,incorrect value of post_category; 
U01933,2025-10-21T02:23:25,MX,free,27.0,P0008279,music,2025-10-22T10:59:22,3,2,1,web,the row is duplicated in data set; 
U01183,2024-11-20T07:41:57,PE,free,28.0,P0005038,tech,2024-12-06T23:31:22,10,5,16,mobile,the row is duplicated in data set; 
U00120,2025-06-16T10:48:28,ES,free,25.0,P0000520,travel,2025-05-28T23:48:28,8,4,0,web,time between login and post does not make sense; 
U01008,2024-12-28T04:22:48,CO,pro,,P0004340,science,2025-01-14T21:19:35,5,26,17,web,the row is duplicated in data set; 
U01332,2024-12-03T05:33:38,US,free,43.0,P0005679,education,2024-12-03T10:57:50,10,2,0,web,the row is duplicated in data set; 
U01914,2025-05-22T21:09:54,AR,enterprise,30.0,P0008211,travel,2025-04-26T12:09:54,1,8,0,mobile,time between login and post does not make sense; 
U00236,2025-06-22T07:49:10,BR,free,27.0,P0001020,travel,2025-07-13T08:28:22,5,9,21,mobile,the row is duplicated in data set; 
U01849,2024-02-27T10:15:29,BR,free,25.0,P0007944,sporst,2024-04-16T19:03:57,5,6,49,mobile,incorrect value of post_category; 
U00271,2025-04-14T05:05:00,BR,free,33.0,P0001207,gamming,2025-06-02T12:13:52,5,5,49,web,incorrect value of post_category; 
U01765,2024-07-04T05:24:56,US,pro,,P0007553,travel,2024-07-06T17:33:54,22,1,2,web,the row is duplicated in data set; 
U00621,2024-02-01T18:03:44,MX,free,17.0,P0002584,tehc,2024-02-03T11:56:44,3,3,2,mobile,incorrect value of post_category; 
U01709,2024-09-23T06:47:51,US,free,29.0,P0007332,finance,2024-10-21T21:12:21,3,5,28,mobile,the row is duplicated in data set; 
U01548,2024-01-16T20:11:14,PY,free,20.0,P0006623,sporst,2024-01-29T06:24:25,5,6,13,web,incorrect value of post_category; 
U01629,2025-06-01T05:16:06,AR,free,16.0,P0007001,healt,2025-06-10T23:18:44,4,10,9,mobile,incorrect value of post_category; 
U01378,2025-06-19T18:02:45,US,pro,26.0,P0005895,sports,2025-08-14T10:33:54,6,22,56,mobile,the row is duplicated in data set; 
U00161,2025-03-20T02:28:03,BR,free,18.0,P0000703,gamming,2025-04-10T09:17:50,2,8,21,web,incorrect value of post_category; 
U00819,2024-04-26T02:18:59,BR,free,26.0,P0003538,sport,2024-07-08T13:52:03,4,29,73,web,incorrect value of post_category; 
U00308,2024-04-21T19:27:00,US,pro,38.0,P0001369,sport,2024-04-24T22:31:24,8,4,3,web,incorrect value of post_category; 
U00933,2024-11-20T22:28:08,US,free,31.0,P0004041,sciense,2024-11-30T10:17:57,2,7,10,web,incorrect value of post_category; 
U00533,2024-10-27T06:41:58,MX,free,28.0,P0002231,healt,2025-01-11T14:42:41,5,13,76,web,incorrect value of post_category; 
U01149,2025-03-23T15:50:37,PY,free,30.0,P0004879,educatoin,2025-03-24T03:06:51,8,15,1,mobile,incorrect value of post_category; 
U01486,2024-03-12T01:23:49,MX,free,19.0,P0006325,tech,2024-03-02T09:23:49,6,8,0,web,time between login and post does not make sense; 
U01314,2024-01-15T08:46:17,CO,pro,36.0,P0005608,gamming,2024-01-15T15:05:33,5,4,0,web,incorrect value of post_category; 
U01615,2025-04-12T12:16:55,PY,free,48.0,P0006951,gaming,2025-03-14T16:16:55,7,9,0,web,time between login and post does not make sense; 
U01631,2024-05-16T11:36:26,ES,enterprise,39.0,P0007014,sporst,2024-05-16T20:46:23,3,5,0,web,incorrect value of post_category; 
U00618,2025-01-12T21:48:49,CL,free,32.0,P0002568,sciense,2025-02-25T00:07:15,4,7,44,web,incorrect value of post_category; 
U01843,2024-05-09T17:31:38,PY,free,33.0,P0007913,health,2024-08-03T00:29:18,1,31,86,web,the row is duplicated in data set; 
U00538,2025-04-08T20:48:50,CL,free,23.0,P0002248,gamming,2025-05-17T07:13:37,10,15,39,web,incorrect value of post_category; 
U01607,2025-01-21T18:18:31,AR,pro,34.0,P0006904,sporst,2025-01-22T05:28:22,12,11,1,mobile,incorrect value of post_category; 
U01997,2024-08-09T13:05:59,PE,pro,46.0,P0008574,gamming,2024-08-25T22:05:15,0,13,16,mobile,incorrect value of post_category; 
U00975,2024-01-31T21:40:14,BR,free,45.0,P0004220,sport,2024-02-08T16:50:03,9,4,8,web,incorrect value of post_category; 
U00014,2025-06-06T13:49:13,BR,pro,,P0000059,tech,2025-10-01T15:41:22,10,21,117,web,the row is duplicated in data set; 
U01878,2025-04-05T06:14:26,BR,pro,16.0,P0008070,education,2025-03-10T11:14:26,19,18,0,web,time between login and post does not make sense; 
U01631,2024-05-16T11:36:26,ES,enterprise,39.0,P0007015,gamming,2024-05-19T12:15:41,10,5,3,web,incorrect value of post_category; 
U00851,2024-06-20T14:27:18,BR,free,18.0,P0003680,tech,2024-06-26T03:30:29,7,5,6,mobile,the row is duplicated in data set; 
U01378,2025-06-19T18:02:45,US,pro,26.0,P0005902,travel,2025-05-20T09:02:45,8,22,0,mobile,time between login and post does not make sense; 
U01696,2025-09-16T00:46:22,AR,free,17.0,P0007290,sciense,2025-10-15T06:33:44,4,3,29,web,incorrect value of post_category; 
U01642,2025-04-07T21:54:18,CO,free,19.0,P0007074,trvael,2025-04-10T22:36:15,13,7,3,web,incorrect value of post_category; 
U00087,2024-01-08T12:18:18,ES,free,23.0,P0000341,musc,2024-02-08T14:46:03,2,39,31,mobile,incorrect value of post_category; 
U00306,2025-09-12T11:25:14,AR,free,35.0,P0001360,music,2025-10-20T01:43:42,6,9,38,mobile,the row is duplicated in data set; 
U00506,2024-02-10T15:33:23,BR,free,28.0,P0002103,tehc,2024-02-11T15:44:58,0,5,1,web,incorrect value of post_category; 
U01489,2024-12-19T21:23:32,CO,free,40.0,P0006337,tehc,2025-01-08T13:30:12,7,8,20,mobile,incorrect value of post_category; 
U01645,2025-01-16T10:50:53,AR,free,30.0,P0007101,sports,2025-07-20T04:24:34,6,19,185,mobile,the row is duplicated in data set; 
U00087,2024-01-08T12:18:18,ES,free,23.0,P0000356,life,2024-04-26T16:07:24,4,39,109,web,the row is duplicated in data set; 
U01614,2024-12-19T21:30:15,US,free,16.0,P0006947,science,2024-12-15T20:30:15,8,3,0,desktop,time between login and post does not make sense; 
U00279,2024-02-27T10:02:36,US,pro,19.0,P0001238,travel,2024-03-02T22:42:06,25,11,4,web,the row is duplicated in data set; 
U00342,2024-02-09T01:38:40,MX,free,,P0001497,tech,2024-02-20T18:03:33,12,5,11,desktop,the row is duplicated in data set; 
U01847,2025-01-09T07:22:05,UY,free,,P0007932,music,2024-12-23T13:22:05,18,1,0,desktop,time between login and post does not make sense; 
U01647,2024-01-22T21:19:06,PY,free,24.0,P0007111,health,2024-01-31T19:37:29,16,3,9,web,the row is duplicated in data set; 
U01029,2024-05-19T07:46:19,US,free,16.0,P0004449,finance,2024-06-09T14:17:01,2,7,21,mobile,the row is duplicated in data set; 
U00267,2024-09-11T17:19:10,AR,free,25.0,P0001191,gamming,2025-01-09T14:11:25,4,25,120,web,incorrect value of post_category; 
U00630,2025-01-20T12:39:41,PY,pro,36.0,P0002602,finance,2025-01-10T18:39:41,3,6,0,web,time between login and post does not make sense; 
U01920,2025-07-26T08:59:53,US,free,,P0008237,tech,2025-08-12T19:05:04,6,7,17,mobile,the row is duplicated in data set; 
U00351,2025-02-17T14:45:50,US,free,33.0,P0001547,sporst,2025-03-03T20:28:28,4,6,14,mobile,incorrect value of post_category; 
U01551,2024-01-13T15:01:18,PY,free,22.0,P0006639,science,2024-03-15T19:54:39,3,7,62,web,the row is duplicated in data set; 
U01282,2025-02-21T01:50:38,MX,free,16.0,P0005496,healt,2025-03-29T10:31:02,2,10,36,web,incorrect value of post_category; 
U00920,2025-09-18T01:18:08,AR,free,,P0003958,sport,2025-10-01T15:17:02,18,4,13,web,incorrect value of post_category; 
U00105,2024-05-24T02:36:35,CO,free,17.0,P0000445,gamming,2024-05-25T06:41:42,4,3,1,web,incorrect value of post_category; 
U01029,2024-05-19T07:46:19,US,free,16.0,P0004446,tehc,2024-05-26T07:19:06,4,7,7,web,incorrect value of post_category; 
U00014,2025-06-06T13:49:13,BR,pro,,P0000043,life,2025-05-25T04:49:13,9,21,0,mobile,time between login and post does not make sense; 
U01016,2024-03-16T13:12:37,CL,free,34.0,P0004400,education,2024-06-03T22:15:44,4,14,79,web,the row is duplicated in data set; 
U00267,2024-09-11T17:19:10,AR,free,25.0,P0001178,sporst,2024-10-10T14:56:43,2,25,29,mobile,incorrect value of post_category; 
U01505,2024-11-20T19:45:23,CO,pro,33.0,P0006435,finanse,2024-11-21T17:28:43,5,1,3,mobile,incorrect value of post_category; 
U00926,2024-05-08T11:44:19,AR,free,32.0,P0003987,music,2024-06-08T07:01:13,5,8,31,mobile,the row is duplicated in data set; 
U01693,2025-12-11T21:28:28,ES,pro,16.0,P0007263,tehc,2025-12-13T07:36:55,12,4,2,web,incorrect value of post_category; 
U01223,2024-06-10T09:14:00,CO,free,16.0,P0005239,finanse,2024-08-12T20:29:40,2,15,63,web,incorrect value of post_category; 
U00345,2024-10-22T12:04:12,MX,enterprise,18.0,P0001519,educatoin,2024-11-09T11:41:07,8,15,18,web,incorrect value of post_category; 
U01158,2025-07-04T23:34:27,AR,free,23.0,P0004935,travel,2025-08-31T20:48:21,11,25,58,web,the row is duplicated in data set; 
U00222,2025-05-09T19:22:22,BR,free,40.0,P0000969,sport,2025-07-26T06:30:48,2,8,78,mobile,incorrect value of post_category; 
U00379,2024-10-05T11:02:56,AR,enterprise,17.0,P0001656,gaming,2024-09-05T17:02:56,23,2,0,web,time between login and post does not make sense; 
U00805,2024-05-16T00:54:35,BR,free,37.0,P0003467,finanse,2024-07-02T22:48:01,3,2,47,mobile,incorrect value of post_category; 
U01302,2025-05-13T16:06:16,MX,pro,29.0,P0005569,science,2025-04-12T19:06:16,16,9,0,web,time between login and post does not make sense; 
U00913,2024-04-08T08:52:44,AR,free,24.0,P0003929,science,2024-05-01T12:07:40,4,3,23,web,the row is duplicated in data set; 
U00885,2025-03-22T09:05:16,US,pro,21.0,P0003815,sporst,2025-10-22T10:26:18,3,35,214,mobile,incorrect value of post_category; 
U00314,2025-11-23T11:00:37,CL,free,25.0,P0001395,gamming,2025-11-25T21:15:01,2,3,2,web,incorrect value of post_category; 
U00972,2024-07-18T23:28:04,US,free,16.0,P0004214,music,2024-07-19T08:20:39,6,2,1,mobile,the row is duplicated in data set; 
U00499,2024-01-06T05:24:39,BR,pro,33.0,P0002072,sport,2024-02-06T18:41:05,22,1,31,web,incorrect value of post_category; 
U01368,2025-07-08T13:28:34,US,free,44.0,P0005834,sports,2025-06-22T01:28:34,7,11,0,mobile,time between login and post does not make sense; 
U00670,2025-06-08T10:24:10,US,pro,25.0,P0002819,health,2025-08-18T05:44:17,9,20,71,mobile,the row is duplicated in data set; 
U00860,2024-05-17T13:03:17,BR,free,27.0,P0003715,health,2024-07-20T14:12:51,5,9,64,web,the row is duplicated in data set; 
U00257,2024-05-18T17:45:48,CO,free,17.0,P0001108,tehc,2024-06-11T17:14:01,6,18,24,web,incorrect value of post_category; 
U00165,2024-02-05T07:53:48,US,free,31.0,P0000716,sports,2024-01-12T07:53:48,9,9,0,mobile,time between login and post does not make sense; 
U00330,2025-04-15T21:54:10,US,free,,P0001440,trvael,2025-04-19T23:13:24,4,2,4,mobile,incorrect value of post_category; 
U00024,2025-08-19T02:41:31,CL,pro,26.0,P0000090,gamming,2025-08-21T16:29:28,6,2,2,web,incorrect value of post_category; 
U00215,2024-01-31T09:15:15,BR,free,33.0,P0000936,gaming,2024-01-08T08:15:15,11,11,0,web,time between login and post does not make sense; 
U00660,2024-02-02T13:06:11,CO,free,40.0,P0002752,sports,2024-02-06T02:14:47,9,2,4,web,the row is duplicated in data set; 
U01482,2025-01-05T09:01:06,CL,free,21.0,P0006313,health,2025-01-15T18:30:36,0,5,10,web,the row is duplicated in data set; 
U00484,2024-07-09T19:52:45,PE,free,35.0,P0002014,tehc,2024-08-07T21:13:45,4,10,29,web,incorrect value of post_category; 
U00882,2024-02-10T12:23:37,BR,free,34.0,P0003789,finanse,2024-03-15T16:42:21,12,4,34,mobile,incorrect value of post_category; 
U01057,2025-03-18T22:40:34,US,free,23.0,P0004561,education,2025-03-22T22:24:31,10,3,4,mobile,the row is duplicated in data set; 
U00188,2024-05-12T09:06:05,MX,free,34.0,P0000809,gaming,2024-08-20T14:10:20,3,14,100,mobile,the row is duplicated in data set; 
U00030,2024-12-23T02:26:25,PE,pro,16.0,P0000117,sport,2025-01-25T20:43:45,3,12,33,web,incorrect value of post_category; 
U01170,2024-05-28T16:57:34,PY,pro,,P0004994,sports,2024-07-20T11:31:49,9,7,53,web,the row is duplicated in data set; 
U00538,2025-04-08T20:48:50,CL,free,23.0,P0002254,healt,2025-06-21T09:23:15,5,15,74,web,incorrect value of post_category; 
U01321,2025-08-30T18:52:36,PE,free,31.0,P0005656,tehc,2025-10-28T11:00:28,13,7,59,mobile,incorrect value of post_category; 
U00159,2025-11-15T06:33:30,BR,free,44.0,P0000693,music,2025-12-06T06:07:58,1,6,21,web,the row is duplicated in data set; 
U01418,2024-12-31T18:09:58,UY,free,28.0,P0006060,healt,2025-01-13T12:55:30,11,8,13,mobile,incorrect value of post_category; 
U00120,2025-06-16T10:48:28,ES,free,25.0,P0000520,travel,2025-05-28T23:48:28,8,4,0,web,time between login and post does not make sense; the row is duplicated in data set; 
U00860,2024-05-17T13:03:17,BR,free,27.0,P0003716,life,2024-07-21T16:11:41,7,9,65,web,the row is duplicated in data set; 
U01800,2025-04-13T16:56:34,AR,free,33.0,P0007733,music,2025-04-19T15:26:08,5,5,6,mobile,the row is duplicated in data set; 
U01966,2024-01-26T09:13:17,BR,free,35.0,P0008405,tech,2024-02-09T10:29:57,10,2,14,mobile,the row is duplicated in data set; 
U01184,2024-07-18T10:24:26,CO,free,22.0,P0005044,healt,2024-07-31T01:03:10,18,5,13,mobile,incorrect value of post_category; 
U00076,2025-11-26T18:15:56,ES,free,32.0,P0000285,tech,2025-12-07T11:31:13,14,8,11,mobile,the row is duplicated in data set; 
U00158,2025-07-08T02:10:17,MX,pro,16.0,P0000687,health,2025-06-28T10:10:17,12,2,0,desktop,time between login and post does not make sense; 
U01097,2024-09-01T06:32:17,BR,free,,P0004682,sports,2024-08-10T21:32:17,12,13,0,web,time between login and post does not make sense; 
U00233,2024-02-15T12:06:01,PY,free,22.0,P0001008,tehc,2024-02-18T09:09:47,6,4,3,mobile,incorrect value of post_category; 
U00497,2025-07-24T03:03:00,PY,free,34.0,P0002065,gamming,2025-08-21T11:40:50,3,7,28,web,incorrect value of post_category; 
U00476,2024-08-22T01:37:12,ES,free,34.0,P0001986,sports,2024-08-23T02:57:39,27,5,1,web,the row is duplicated in data set; 
U01049,2024-06-29T02:45:02,US,pro,23.0,P0004522,musc,2024-08-22T02:07:10,9,6,54,mobile,incorrect value of post_category; 
U01204,2025-09-05T01:37:05,PY,free,27.0,P0005151,sporst,2025-11-11T03:12:34,7,15,67,web,incorrect value of post_category; 
U01617,2024-08-23T07:21:26,MX,free,26.0,P0006960,education,2024-09-16T18:05:59,3,5,24,mobile,the row is duplicated in data set; 
U00364,2024-01-22T07:19:16,PY,free,20.0,P0001592,travel,2024-02-09T18:05:49,2,11,18,web,the row is duplicated in data set; 
U01494,2024-01-17T17:03:12,ES,free,20.0,P0006368,life,2024-02-06T20:12:11,1,20,20,web,the row is duplicated in data set; 
U00932,2025-01-11T23:34:17,BR,pro,,P0004037,gaming,2025-04-14T05:22:12,15,18,93,mobile,the row is duplicated in data set; 
U00924,2024-09-15T14:37:59,PY,free,27.0,P0003973,gamming,2025-01-21T07:14:28,9,9,128,web,incorrect value of post_category; 
U00355,2025-07-24T19:56:28,AR,free,40.0,P0001561,tehc,2025-08-03T01:37:27,7,2,10,mobile,incorrect value of post_category; 
U00364,2024-01-22T07:19:16,PY,free,20.0,P0001597,sporst,2024-03-21T17:47:44,5,11,59,web,incorrect value of post_category; 
U00421,2024-10-28T05:18:37,MX,free,34.0,P0001797,music,2024-10-09T23:18:37,9,3,0,mobile,time between login and post does not make sense; 
U00189,2024-03-15T14:27:34,BR,free,33.0,P0000825,educatoin,2024-05-12T06:45:03,3,20,58,mobile,incorrect value of post_category; 
U01421,2025-01-22T02:34:51,PY,free,33.0,P0006078,sporst,2025-02-20T13:56:49,5,17,29,web,incorrect value of post_category; 
U01641,2025-07-31T10:47:46,CO,free,21.0,P0007070,life,2025-10-02T01:34:45,9,11,63,desktop,the row is duplicated in data set; 
U02000,2024-04-23T01:47:05,AR,pro,17.0,P0008594,tech,2024-04-30T10:03:21,4,9,7,web,the row is duplicated in data set; 
U01969,2025-01-17T21:25:05,US,free,30.0,P0008417,lfe,2025-01-17T23:41:57,3,2,0,mobile,incorrect value of post_category; 
U00663,2024-01-11T22:43:52,AR,pro,21.0,P0002770,gamming,2024-01-14T03:34:30,1,4,3,mobile,incorrect value of post_category; 
U01032,2024-10-04T12:09:37,CO,free,33.0,P0004460,educatoin,2024-10-04T21:22:16,10,5,0,web,incorrect value of post_category; 
U01656,2024-10-13T08:40:43,US,free,30.0,P0007139,gamming,2024-10-29T07:13:05,10,5,16,mobile,incorrect value of post_category; 
U00267,2024-09-11T17:19:10,AR,free,25.0,P0001169,tech,2024-09-12T05:23:58,10,25,1,web,the row is duplicated in data set; 
U01315,2024-02-07T00:41:37,US,pro,35.0,P0005615,finance,2024-03-17T23:39:08,0,5,39,mobile,the row is duplicated in data set; 
U00096,2024-10-11T00:05:59,PY,enterprise,16.0,P0000401,sciense,2024-10-22T23:10:58,9,14,11,mobile,incorrect value of post_category; 
U00164,2024-06-07T00:42:41,MX,free,17.0,P0000710,finance,2024-05-22T05:42:41,13,2,0,web,time between login and post does not make sense; 
U01538,2024-05-30T21:28:09,US,free,26.0,P0006583,tech,2024-06-04T10:43:31,10,6,5,web,the row is duplicated in data set; 
U01708,2024-04-22T23:59:28,BR,free,,P0007320,lfe,2024-04-27T14:14:39,2,13,5,mobile,incorrect value of post_category; 
U00697,2024-03-10T04:04:55,US,free,26.0,P0002956,science,2024-03-19T11:47:56,12,13,9,mobile,the row is duplicated in data set; 
U01348,2024-08-19T01:43:46,BR,free,25.0,P0005761,sciense,2024-09-19T20:05:35,11,6,31,web,incorrect value of post_category; 
U01808,2025-07-08T01:41:20,CO,free,37.0,P0007776,sport,2025-11-23T12:50:17,1,20,138,web,incorrect value of post_category; 
U00653,2025-07-14T09:26:06,AR,pro,28.0,P0002712,gamming,2025-10-05T21:06:40,0,11,83,mobile,incorrect value of post_category; 
U01935,2025-08-04T08:49:22,PY,pro,,P0008283,lfe,2025-08-04T18:43:07,9,2,0,mobile,incorrect value of post_category; 
U00140,2024-03-20T00:14:18,MX,pro,33.0,P0000610,finance,2024-03-23T00:48:59,11,7,3,web,the row is duplicated in data set; 
U00983,2024-04-03T16:24:49,BR,free,30.0,P0004264,health,2024-03-27T16:24:49,8,10,0,web,time between login and post does not make sense; 
U01840,2024-04-29T14:03:28,US,free,27.0,P0007885,gamming,2024-05-04T06:52:23,1,6,5,mobile,incorrect value of post_category; 
U01708,2024-04-22T23:59:28,BR,free,,P0007321,gamming,2024-04-28T05:53:27,28,13,6,mobile,incorrect value of post_category; 
U01744,2025-01-11T19:53:33,US,pro,26.0,P0007448,musc,2025-01-14T18:41:50,9,4,3,mobile,incorrect value of post_category; 
U01643,2024-06-04T14:10:22,UY,free,22.0,P0007084,healt,2024-08-23T05:49:20,2,6,80,desktop,incorrect value of post_category; 
U00656,2025-07-04T10:01:45,BR,free,26.0,P0002737,gaming,2025-09-10T22:21:37,8,9,68,web,the row is duplicated in data set; 
U01138,2025-03-18T08:02:44,UY,free,30.0,P0004842,education,2025-03-28T01:21:25,7,5,10,mobile,the row is duplicated in data set; 
U00967,2024-01-17T02:25:23,ES,free,24.0,P0004178,finanse,2024-07-20T08:00:34,12,38,185,mobile,incorrect value of post_category; 
U00856,2024-12-16T12:52:44,BR,free,23.0,P0003696,musc,2024-12-24T15:39:33,0,6,8,mobile,incorrect value of post_category; 
U00529,2025-03-28T06:48:17,US,free,22.0,P0002199,sciense,2025-03-29T06:56:05,5,6,1,web,incorrect value of post_category; 
U01945,2025-07-25T18:13:41,BR,pro,,P0008338,tehc,2025-08-06T04:53:04,11,2,12,mobile,incorrect value of post_category; 
U01458,2024-04-25T17:28:38,BR,pro,,P0006231,sport,2024-05-29T21:23:09,2,7,34,web,incorrect value of post_category; 
U01146,2024-04-26T16:33:56,BR,pro,31.0,P0004874,finance,2024-04-28T03:33:49,18,1,2,web,the row is duplicated in data set; 
U01412,2025-12-20T08:55:00,AR,free,31.0,P0006017,healt,2025-12-20T18:28:24,21,1,0,web,incorrect value of post_category; 
U00112,2024-09-22T11:21:20,CO,free,29.0,P0000472,tehc,2024-10-23T05:18:36,8,3,31,web,the row is duplicated in data set; incorrect value of post_category; 
U01705,2025-09-28T04:32:22,ES,free,41.0,P0007312,sciense,2025-10-10T09:08:33,6,2,12,desktop,incorrect value of post_category; 
U00980,2024-04-10T17:59:36,AR,free,,P0004244,health,2024-04-13T06:38:12,15,14,3,mobile,the row is duplicated in data set; 
U00222,2025-05-09T19:22:22,BR,free,40.0,P0000967,tehc,2025-07-16T22:49:28,3,8,68,mobile,the row is duplicated in data set; incorrect value of post_category; 
U00477,2025-09-20T00:12:16,PY,free,25.0,P0001991,healt,2025-10-15T13:12:11,1,1,25,web,incorrect value of post_category; 
U00054,2024-06-07T20:24:04,BR,free,16.0,P0000202,educatoin,2024-06-17T02:27:00,8,12,10,web,incorrect value of post_category; 
U01703,2024-01-17T03:28:57,PE,enterprise,22.0,P0007305,gamming,2024-03-14T07:39:10,6,8,57,web,incorrect value of post_category; 
U01648,2025-02-19T01:37:13,PE,free,20.0,P0007113,tech,2025-02-23T04:29:54,8,3,4,mobile,the row is duplicated in data set; 
U01091,2024-03-12T19:54:14,US,free,31.0,P0004663,educatoin,2024-04-06T13:21:17,1,6,25,mobile,incorrect value of post_category; 
U00819,2024-04-26T02:18:59,BR,free,26.0,P0003534,healt,2024-06-03T00:42:32,3,29,38,web,incorrect value of post_category; 
U00030,2024-12-23T02:26:25,PE,pro,16.0,P0000127,healt,2025-03-04T10:04:25,3,12,71,mobile,incorrect value of post_category; 
U01721,2024-12-09T21:28:01,US,free,16.0,P0007374,travel,2024-12-11T12:50:18,7,4,2,mobile,the row is duplicated in data set; 
U00560,2025-12-18T21:47:05,US,free,32.0,P0002350,life,2025-12-19T18:50:43,7,1,1,web,the row is duplicated in data set; 
U00189,2024-03-15T14:27:34,BR,free,33.0,P0000815,finanse,2024-03-19T13:21:53,2,20,4,web,incorrect value of post_category; 
U01392,2025-04-09T18:27:58,MX,free,19.0,P0005962,tehc,2025-06-27T17:02:38,12,12,79,web,incorrect value of post_category; 
U00267,2024-09-11T17:19:10,AR,free,25.0,P0001179,travel,2024-10-10T18:47:29,5,25,29,web,the row is duplicated in data set; 
U00257,2024-05-18T17:45:48,CO,free,17.0,P0001121,travel,2024-08-20T10:53:45,8,18,94,desktop,the row is duplicated in data set; 
U01344,2024-01-02T17:13:57,US,pro,23.0,P0005743,science,2024-02-08T07:23:03,2,6,37,mobile,the row is duplicated in data set; 
U01790,2025-04-11T06:27:42,BR,free,21.0,P0007668,sporst,2025-05-18T01:46:42,9,9,37,mobile,incorrect value of post_category; 
U00229,2025-10-30T05:03:04,BR,free,27.0,P0000993,healt,2025-11-30T01:07:50,4,10,31,web,incorrect value of post_category; 
U00516,2024-04-12T20:16:22,US,free,32.0,P0002137,healt,2024-04-18T07:30:54,4,28,6,mobile,incorrect value of post_category; 
U01709,2024-09-23T06:47:51,US,free,29.0,P0007333,tehc,2024-10-23T17:09:48,6,5,30,mobile,incorrect value of post_category; 
U01278,2025-07-06T18:05:14,CO,free,,P0005469,educatoin,2025-07-10T13:04:30,8,1,4,web,incorrect value of post_category; 
U00478,2025-08-02T22:01:31,MX,enterprise,25.0,P0001995,sport,2025-09-27T15:21:34,9,5,56,web,incorrect value of post_category; 
U01703,2024-01-17T03:28:57,PE,enterprise,22.0,P0007307,music,2024-03-19T20:13:20,5,8,62,web,the row is duplicated in data set; 
U01415,2024-12-24T07:16:48,UY,pro,30.0,P0006039,sport,2024-11-29T12:16:48,15,10,0,web,time between login and post does not make sense; the row is duplicated in data set; incorrect value of post_category; 
U00207,2024-02-03T03:31:49,PY,free,37.0,P0000902,lfe,2024-03-10T11:34:12,0,17,36,web,incorrect value of post_category; 
U00458,2025-04-02T20:49:26,AR,free,38.0,P0001918,lfe,2025-05-03T07:09:22,6,4,31,web,incorrect value of post_category; 
U00359,2024-10-15T22:01:10,BR,pro,21.0,P0001574,finance,2024-10-13T05:01:10,12,2,0,web,time between login and post does not make sense; 
U00819,2024-04-26T02:18:59,BR,free,26.0,P0003552,science,2024-09-12T07:35:55,3,29,139,mobile,the row is duplicated in data set; 
U01085,2024-02-12T18:08:15,US,free,40.0,P0004633,healt,2024-03-02T07:35:20,3,9,19,web,incorrect value of post_category; 
U00547,2025-12-07T11:56:03,BR,pro,28.0,P0002289,finance,2025-12-07T23:06:15,3,1,0,web,the row is duplicated in data set; 
U01254,2025-01-03T09:34:44,CO,free,20.0,P0005381,tech,2025-04-20T04:49:16,2,12,107,mobile,the row is duplicated in data set; 
U01269,2025-01-01T16:22:36,US,pro,26.0,P0005432,tech,2024-12-07T11:22:36,9,6,0,web,time between login and post does not make sense; 
U01766,2024-08-04T00:33:50,US,free,33.0,P0007554,healt,2024-08-24T22:15:49,8,6,20,web,incorrect value of post_category; 
U00289,2025-06-01T03:12:37,US,enterprise,41.0,P0001277,sports,2025-05-19T08:12:37,3,8,0,web,time between login and post does not make sense; 
U00495,2025-08-14T02:54:29,AR,free,34.0,P0002056,finance,2025-08-22T04:08:59,9,4,8,web,the row is duplicated in data set; 
U01254,2025-01-03T09:34:44,CO,free,20.0,P0005377,gamming,2025-03-31T17:12:16,4,12,90,mobile,incorrect value of post_category; 
U01024,2025-09-11T00:59:28,AR,free,33.0,P0004433,finanse,2025-09-28T21:58:57,18,4,17,mobile,incorrect value of post_category; 
U01293,2024-01-29T21:09:45,AR,free,32.0,P0005525,life,2024-03-09T17:57:13,6,13,43,web,the row is duplicated in data set; 
U00735,2025-03-24T10:13:25,US,free,30.0,P0003123,sciense,2025-03-29T06:23:32,2,11,5,mobile,incorrect value of post_category; 
U00152,2025-07-25T13:58:13,ES,free,33.0,P0000667,finanse,2025-08-08T00:40:42,6,7,14,web,incorrect value of post_category; 
U01714,2024-08-21T20:01:59,BR,free,,P0007351,health,2024-07-25T23:01:59,8,15,0,mobile,time between login and post does not make sense; 
U01149,2025-03-23T15:50:37,PY,free,30.0,P0004893,sporst,2025-06-24T06:39:02,3,15,93,web,incorrect value of post_category; 
U01200,2025-12-15T21:56:11,ES,free,25.0,P0005116,sports,2025-12-19T13:42:33,7,1,4,web,the row is duplicated in data set; 
U00983,2024-04-03T16:24:49,BR,free,30.0,P0004262,lfe,2024-04-22T00:39:47,0,10,19,web,incorrect value of post_category; 
U01008,2024-12-28T04:22:48,CO,pro,,P0004345,life,2024-12-19T19:22:48,6,26,0,web,time between login and post does not make sense; 
U01629,2025-06-01T05:16:06,AR,free,16.0,P0007003,trvael,2025-07-03T09:52:30,12,10,32,mobile,incorrect value of post_category; 
U00606,2024-09-18T04:49:05,ES,pro,33.0,P0002533,sports,2024-11-14T01:15:05,8,4,57,mobile,the row is duplicated in data set; 
U00925,2025-07-15T04:39:02,BR,free,16.0,P0003982,finance,2025-08-05T06:20:24,15,7,21,mobile,the row is duplicated in data set; 
U00283,2025-01-19T06:48:23,US,pro,30.0,P0001253,sciense,2025-01-28T11:11:29,24,4,9,mobile,incorrect value of post_category; 
U01052,2025-05-07T19:15:52,CL,pro,28.0,P0004534,tech,2025-06-02T06:43:07,9,3,26,mobile,the row is duplicated in data set; 
U01685,2024-11-29T09:07:45,CO,free,42.0,P0007240,life,2024-11-21T03:07:45,10,4,0,mobile,time between login and post does not make sense; 
U00434,2024-10-01T21:12:32,PY,free,37.0,P0001824,sciense,2024-10-02T21:04:42,0,3,1,web,incorrect value of post_category; 
U01054,2024-11-05T00:43:18,PE,free,24.0,P0004545,gamming,2024-10-07T19:43:18,6,10,0,web,time between login and post does not make sense; incorrect value of post_category; 
U00967,2024-01-17T02:25:23,ES,free,24.0,P0004179,finanse,2024-07-20T21:31:10,4,38,185,mobile,incorrect value of post_category; 
U00516,2024-04-12T20:16:22,US,free,32.0,P0002153,sports,2024-03-30T15:16:22,5,28,0,desktop,time between login and post does not make sense; 
U01541,2025-08-01T04:30:19,US,pro,45.0,P0006598,health,2025-08-13T18:45:16,8,10,12,mobile,the row is duplicated in data set; 
U00983,2024-04-03T16:24:49,BR,free,30.0,P0004269,sporst,2024-05-13T17:36:18,1,10,40,web,incorrect value of post_category; 
U01801,2025-11-22T00:24:42,US,free,42.0,P0007736,science,2025-11-24T16:52:12,7,1,2,web,the row is duplicated in data set; 
U01238,2024-02-01T20:46:05,CL,pro,,P0005302,sport,2024-03-02T23:42:28,7,11,30,desktop,incorrect value of post_category; 
U00349,2025-12-28T12:28:47,BR,free,26.0,P0001541,tech,2025-12-15T20:28:47,23,1,0,web,time between login and post does not make sense; 
U01916,2025-06-11T02:21:36,CL,free,21.0,P0008222,science,2025-07-14T00:43:36,3,8,33,web,the row is duplicated in data set; 
U01237,2025-09-24T07:24:21,CO,free,21.0,P0005294,life,2025-09-24T15:33:59,8,1,0,web,the row is duplicated in data set; 
U01206,2025-06-15T17:19:50,UY,free,58.0,P0005162,lfe,2025-06-26T04:30:11,5,9,11,web,incorrect value of post_category; 
U01694,2024-02-29T05:28:40,ES,free,36.0,P0007267,health,2024-03-29T14:10:05,14,18,29,mobile,the row is duplicated in data set; 
U01166,2024-12-29T00:22:24,US,free,29.0,P0004981,educatoin,2025-03-02T17:42:30,9,6,63,mobile,incorrect value of post_category; 
U00065,2025-10-20T00:20:36,MX,free,20.0,P0000246,sports,2025-10-22T18:17:58,6,12,2,web,the row is duplicated in data set; 
U00664,2024-08-25T09:03:53,UY,enterprise,21.0,P0002783,life,2024-10-19T20:32:05,8,13,55,mobile,the row is duplicated in data set; 
U00014,2025-06-06T13:49:13,BR,pro,,P0000049,music,2025-07-27T17:01:43,0,21,51,web,the row is duplicated in data set; 
U01044,2024-04-02T00:56:01,CL,free,38.0,P0004493,sports,2024-04-10T06:36:51,9,5,8,desktop,the row is duplicated in data set; 
U00690,2025-05-08T17:32:48,ES,free,31.0,P0002915,finance,2025-05-23T19:01:17,1,10,15,mobile,the row is duplicated in data set; 
U01191,2024-09-27T16:24:19,US,free,20.0,P0005074,finanse,2024-10-14T10:07:18,5,18,17,mobile,incorrect value of post_category; 
U00665,2024-11-03T04:05:20,MX,free,22.0,P0002787,music,2024-10-16T18:05:20,10,1,0,web,time between login and post does not make sense; 
U00698,2024-10-30T03:18:54,ES,free,26.0,P0002968,sports,2024-11-17T01:54:48,4,4,18,web,the row is duplicated in data set; 
U01399,2025-01-08T11:49:05,MX,pro,25.0,P0005989,science,2025-01-09T22:30:34,5,1,1,mobile,the row is duplicated in data set; 
U01592,2024-04-02T04:55:01,AR,free,25.0,P0006834,life,2024-05-22T20:42:09,6,17,50,mobile,the row is duplicated in data set; 
U01816,2024-04-13T12:45:05,PE,free,21.0,P0007806,tech,2024-04-18T03:51:47,4,2,5,web,the row is duplicated in data set; 
U01113,2024-02-14T16:07:53,PY,free,25.0,P0004753,sciense,2024-03-11T14:55:09,4,5,26,desktop,incorrect value of post_category; 
U01559,2024-02-19T06:24:20,CL,free,30.0,P0006656,sciense,2024-02-23T18:11:05,15,3,4,mobile,incorrect value of post_category; 
U00124,2024-04-20T08:42:09,MX,free,35.0,P0000538,educatoin,2024-05-31T15:22:41,4,15,41,mobile,incorrect value of post_category; 
U00389,2024-03-18T11:05:58,PE,enterprise,16.0,P0001687,gamming,2024-06-22T23:52:30,15,12,96,mobile,incorrect value of post_category; 
U00132,2024-09-11T05:14:19,AR,free,30.0,P0000567,travel,2024-09-14T12:55:20,9,3,3,mobile,the row is duplicated in data set; 
U00050,2025-08-17T20:03:45,CL,free,28.0,P0000191,sport,2025-10-04T00:36:27,11,7,48,web,incorrect value of post_category; 
U00949,2024-08-01T08:22:05,UY,free,26.0,P0004103,travel,2024-09-11T13:07:30,3,6,41,web,the row is duplicated in data set; 
U00298,2025-07-09T19:54:32,PY,free,38.0,P0001325,life,2025-08-06T12:18:30,1,13,28,web,the row is duplicated in data set; 
U01547,2024-01-20T20:23:28,US,pro,35.0,P0006617,sporst,2024-03-28T10:51:49,5,7,68,web,incorrect value of post_category; 
U00975,2024-01-31T21:40:14,BR,free,45.0,P0004219,educatoin,2024-02-07T01:43:43,6,4,7,mobile,incorrect value of post_category; 
U00815,2025-07-25T07:30:13,ES,free,21.0,P0003511,musc,2025-09-03T08:16:20,5,6,40,mobile,incorrect value of post_category; 
U01208,2025-04-21T17:23:45,UY,free,23.0,P0005173,gamming,2025-05-14T11:25:24,1,6,23,web,incorrect value of post_category; 
U01378,2025-06-19T18:02:45,US,pro,26.0,P0005902,travel,2025-05-20T09:02:45,8,22,0,mobile,time between login and post does not make sense; the row is duplicated in data set; 
U01862,2024-09-26T02:41:42,ES,free,26.0,P0007995,travel,2024-11-06T17:47:41,3,4,41,web,the row is duplicated in data set; 
U00243,2025-02-03T13:41:27,PY,free,35.0,P0001060,finance,2025-01-31T12:41:27,2,15,0,mobile,time between login and post does not make sense; 
U00656,2025-07-04T10:01:45,BR,free,26.0,P0002732,sporst,2025-08-10T11:28:47,10,9,37,web,incorrect value of post_category; 
U01675,2024-03-08T04:14:54,CL,free,,P0007216,sporst,2024-03-29T01:06:37,6,2,21,mobile,incorrect value of post_category; 
U01378,2025-06-19T18:02:45,US,pro,26.0,P0005893,musc,2025-06-24T06:35:04,6,22,5,mobile,incorrect value of post_category; 
U00114,2025-07-13T09:31:05,BR,free,29.0,P0000497,life,2025-11-22T11:54:37,0,24,132,mobile,the row is duplicated in data set; 
U00236,2025-06-22T07:49:10,BR,free,27.0,P0001017,finanse,2025-07-07T12:37:20,11,9,15,mobile,incorrect value of post_category; 
U00993,2024-11-28T20:04:33,CL,free,21.0,P0004298,tehc,2024-11-30T19:22:12,7,1,2,mobile,incorrect value of post_category; 
U01758,2025-07-01T17:06:24,AR,free,32.0,P0007514,tehc,2025-07-06T11:14:00,14,6,5,web,incorrect value of post_category; 
U00393,2025-11-18T04:49:44,CL,free,28.0,P0001697,tech,2025-12-18T13:37:23,4,2,30,web,the row is duplicated in data set; 
U01185,2024-02-20T02:29:12,BR,free,35.0,P0005052,tehc,2024-03-06T01:49:35,15,8,15,web,incorrect value of post_category; 
U20001,2025-02-30T10:00:00,PY,pro,29.0,P0099001,tech,2025-03-01T10:00:00,4,3,1,web,Unable to parse to datetime; 
U20002,2025-04-10T09:15:00,BR,premium,34.0,P0099002,finance,2025-04-12T12:00:00,8,5,2,mobile,incorrect value of plan_type; 
U20003,2025-01-05T08:00:00,US,free,22.0,P0099003,health,2025-01-07T18:00:00,1,2,2,tablet,incorrect value of device_type; 
U20004,2024-11-20T14:30:00,AR,pro,41.0,P0099004,politics,2024-11-25T09:00:00,6,7,5,desktop,incorrect value of post_category; 
U20005,2025-06-01T00:00:00,CL,vip,27.0,P0099005,mistery,2025-06-02T00:00:00,3,1,1,console,incorrect value of plan_type; incorrect value of post_category; incorrect value of device_type; 
U20006,2025-05-10T00:00:00,PY,free,30.0,P0099006,travel,2025-05-09T23:00:00,2,4,0,web,time between login and post does not make sense; 
U20007,2025-03-15T12:00:00,MX,enterprise,38.0,P0099007,science,2025-99-99T00:00:00,5,10,10,web,Unable to parse to datetime; 
U20008,2025-07-01T09:00:00,PE,pro,19.0,P0099008,sp0rts,2025-07-02T09:00:00,7,6,1,mobile,incorrect value of post_category; 
U20009,2025-08-01T10:10:10,CO,enterprise+,45.0,P0099009,education,2025-08-03T10:10:10,0,2,2,desktop,incorrect value of plan_type; 
U20010,2025-09-01T05:05:05,ES,free,,P0099010,tech,2025-09-02T05:05:05,9,1,1,phone,incorrect value of device_type; 
